nom,prix,lien
Samsung Galaxy Note20 Ultra 5G,204900 DA Négociable,https://www.ouedkniss.com/samsung-galaxy-note20-ultra-5g-alger-hussein-dey-algerie-téléphones-d24337796?utm_medium=listing
alcatel Idol 4 pro,25000 DA Négociable,https://www.ouedkniss.com/alcatel-idol-4-pro-alger-les-eucalyptus-algerie-téléphones-d24208417?utm_medium=listing
Samsung Galaxy S20 Ultra 5G,176500 DA Fixe,https://www.ouedkniss.com/samsung-galaxy-s20-ultra-5g-alger-hussein-dey-algerie-téléphones-d23748201?utm_medium=listing
Samsung J4,16000 DA Négociable,https://www.ouedkniss.com/samsung-j4-alger-belouizdad-algerie-téléphones-d24337383?utm_medium=listing
Cisco Téléphone ip cisco St203,None,https://www.ouedkniss.com/cisco-téléphone-ip-st203-bordj-bou-arreridj-algerie-téléphones-d12848574?utm_medium=listing
Apple Iphone 7Plus 32 Go,48000 DA Négociable,https://www.ouedkniss.com/apple-iphone-7plus-32-go-alger-centre-algerie-téléphones-d24337359?utm_medium=listing
Infinix Note 7_HOT 8_ HOT 9,41900 DA Fixe,https://www.ouedkniss.com/infinix-note-7-hot-8-9-blida-soumaa-alger-douera-algerie-téléphones-d23561583?utm_medium=listing
Xiaomi Redmi Note 8,34000 DA Fixe,https://www.ouedkniss.com/xiaomi-redmi-note-8-alger-chevalley-algerie-téléphones-d24337310?utm_medium=listing
Xiaomi Redmi 9_9A_Note 9 Pro_Note 8T_Note 9S_8A,None,https://www.ouedkniss.com/xiaomi-redmi-9-9a-note-pro-8t-9s-8a-blida-soumaa-alger-douera-algerie-téléphones-d22795027?utm_medium=listing
Apple iPhone 6s plus,24000 DA Négociable,https://www.ouedkniss.com/apple-iphone-6s-plus-alger-birtouta-baraki-algerie-téléphones-d24337274?utm_medium=listing
Samsung Galaxy A71 8/128GB,77500 DA Négociable,https://www.ouedkniss.com/samsung-galaxy-a71-8-128gb-alger-bab-ezzouar-algerie-téléphones-d8621348?utm_medium=listing
Oppo Reno3,59000 DA Fixe,https://www.ouedkniss.com/oppo-reno3-oran-algerie-téléphones-d24337241?utm_medium=listing
Xiaomi Redmi Note 9 Pro Max,66000 DA Négociable,https://www.ouedkniss.com/xiaomi-redmi-note-9-pro-max-alger-bab-ezzouar-algerie-téléphones-d8928090?utm_medium=listing
Samsung Galaxy S7 edge,27 DA Fixe,https://www.ouedkniss.com/samsung-galaxy-s7-edge-alger-el-achour-algerie-téléphones-d24337238?utm_medium=listing
LG X power 3,23000 DA Négociable,https://www.ouedkniss.com/lg-x-power-3-alger-bab-ezzouar-algerie-téléphones-d18202733?utm_medium=listing
Huawei P20,33 DA Offert,https://www.ouedkniss.com/huawei-p20-medea-tablat-algerie-téléphones-d24337119?utm_medium=listing
Motorola Moto G7 Power,32000 DA Négociable,https://www.ouedkniss.com/motorola-moto-g7-power-alger-dely-brahim-algerie-téléphones-d23527039?utm_medium=listing
Samsung Galaxy S5 Neo,15 DA Fixe,https://www.ouedkniss.com/samsung-galaxy-s5-neo-alger-ben-aknoun-algerie-téléphones-d24337037?utm_medium=listing
Huawei Mate 30 5G,109000 DA Négociable,https://www.ouedkniss.com/huawei-mate-30-5g-alger-dely-brahim-algerie-téléphones-d23493694?utm_medium=listing
Samsung Galaxy Note8,45000 DA Négociable,https://www.ouedkniss.com/samsung-galaxy-note8-alger-ouled-fayet-algerie-téléphones-d24337033?utm_medium=listing
Samsung A51 8GB/128GB,63000 DA Fixe,https://www.ouedkniss.com/samsung-a51-8gb-128gb-alger-chevalley-algerie-téléphones-d24149322?utm_medium=listing
Apple Watch Series 5,None,https://www.ouedkniss.com/apple-watch-series-5-blida-algerie-téléphones-d24302922?utm_medium=listing
Huawei P30 lite,42000 DA Fixe,https://www.ouedkniss.com/huawei-p30-lite-alger-staoueli-algerie-téléphones-d23927922?utm_medium=listing
Apple iPhone 11 turbo SIM,110000 DA Négociable,https://www.ouedkniss.com/apple-iphone-11-turbo-sim-alger-hydra-bab-ezzouar-algerie-téléphones-d24337015?utm_medium=listing
Apple Iphone 11 Duos,139500 DA Négociable,https://www.ouedkniss.com/apple-iphone-11-duos-alger-el-mouradia-algerie-téléphones-d21123751?utm_medium=listing
Samsung Galaxy S7 (USA),23000 DA Fixe,https://www.ouedkniss.com/samsung-galaxy-s7-usa-alger-bab-ezzouar-algerie-téléphones-d24336968?utm_medium=listing
Apple Iphone 11 Pro,202000 DA Fixe,https://www.ouedkniss.com/apple-iphone-11-pro-alger-el-biar-algerie-téléphones-d22263609?utm_medium=listing
Huawei P30 lite,34 DA Négociable,https://www.ouedkniss.com/huawei-p30-lite-boumerdes-boudouaou-algerie-téléphones-d24336964?utm_medium=listing
Apple IPhone 11 Pro (2sim),229000 DA Fixe,https://www.ouedkniss.com/apple-iphone-11-pro-2sim-alger-el-biar-algerie-téléphones-d21308308?utm_medium=listing
Huawei Honor 9x,43500 DA Négociable,https://www.ouedkniss.com/huawei-honor-9x-constantine-ain-smara-algerie-téléphones-d24336922?utm_medium=listing
Xiaomi Redmi Note 8 global VR,41000 DA Fixe,https://www.ouedkniss.com/xiaomi-redmi-note-8-global-vr-alger-baraki-algerie-téléphones-d20910761?utm_medium=listing
Samsung Galaxy note 8,30000 DA Négociable,https://www.ouedkniss.com/samsung-galaxy-note-8-alger-kouba-algerie-téléphones-d24336915?utm_medium=listing
Samsung Galaxy S10+  Neuf Sous Blister,121000 DA Négociable,https://www.ouedkniss.com/samsung-galaxy-s10-neuf-sous-blister-alger-bab-ezzouar-algerie-téléphones-d11998472?utm_medium=listing
Oppo oppo Reno 2F,1 DA Négociable,https://www.ouedkniss.com/oppo-reno-2f-alger-reghaia-algerie-téléphones-d24336730?utm_medium=listing
OnePlus 7T,95000 DA Négociable,https://www.ouedkniss.com/oneplus-7t-alger-el-harrach-algerie-téléphones-d24312851?utm_medium=listing
Samsung Galaxy S6,17000 DA Négociable,https://www.ouedkniss.com/samsung-galaxy-s6-alger-mohammadia-algerie-téléphones-d24336656?utm_medium=listing
Samsung S20+ Sous Blister,138000 DA Négociable,https://www.ouedkniss.com/samsung-s20-sous-blister-alger-bab-ezzouar-algerie-téléphones-d18402949?utm_medium=listing
Huawei Mate 30 Pro,128000 DA Fixe,https://www.ouedkniss.com/huawei-mate-30-pro-relizane-mazouna-chlef-algerie-téléphones-d24336631?utm_medium=listing
Samsung Galaxy S20 Ultra 5G,177000 DA Fixe,https://www.ouedkniss.com/samsung-galaxy-s20-ultra-5g-alger-bab-ezzouar-algerie-téléphones-d18153978?utm_medium=listing
Smartwatch Modoex  M8,1500 DA Fixe,https://www.ouedkniss.com/smartwatch-modoex-m8-oran-algerie-téléphones-d23349990?utm_medium=listing
Samsung Note 20 ultra 5g,202000 DA Fixe,https://www.ouedkniss.com/samsung-note-20-ultra-5g-alger-birkhadem-algerie-téléphones-d24335894?utm_medium=listing
Samsung Galaxy J7 Prime,21 DA Négociable,https://www.ouedkniss.com/samsung-galaxy-j7-prime-alger-hussein-dey-algerie-téléphones-d24336494?utm_medium=listing
Apple iPhone 8,58000 DA Fixe,https://www.ouedkniss.com/apple-iphone-8-alger-birkhadem-algerie-téléphones-d24335872?utm_medium=listing
Apple iphone x mdm sans puce,None,https://www.ouedkniss.com/apple-iphone-x-mdm-sans-puce-alger-centre-algerie-téléphones-d24336426?utm_medium=listing
Xiaomi Black Shark 2 Pro,96900 DA Fixe,https://www.ouedkniss.com/xiaomi-black-shark-2-pro-alger-hussein-dey-algerie-téléphones-d24303286?utm_medium=listing
Xiaomi Poco F2 Pro,98000 DA Fixe,https://www.ouedkniss.com/xiaomi-poco-f2-pro-alger-ouled-fayet-algerie-téléphones-d24336384?utm_medium=listing
Xiaomi Redmi Note 8 Pro,49000 DA Fixe,https://www.ouedkniss.com/xiaomi-redmi-note-8-pro-alger-chevalley-algerie-téléphones-d24336380?utm_medium=listing
Apple iPhone 8,None,https://www.ouedkniss.com/apple-iphone-8-boumerdes-algerie-téléphones-d24336367?utm_medium=listing
apple iphone 11 Pro Max,None,https://www.ouedkniss.com/apple-iphone-11-pro-max-alger-centre-algerie-téléphones-d24336356?utm_medium=listing
Samsung Galaxy S7,None,https://www.ouedkniss.com/samsung-galaxy-s7-alger-zeralda-algerie-téléphones-d24336348?utm_medium=listing
Samsung A 51,63000 DA Négociable,https://www.ouedkniss.com/samsung-a-51-naama-ain-sefra-algerie-téléphones-d24336328?utm_medium=listing
Xiaomi Redmi Note 9 Pro,53000 DA Fixe,https://www.ouedkniss.com/xiaomi-redmi-note-9-pro-alger-baba-hassen-algerie-téléphones-d24336316?utm_medium=listing
Apple iPhone 6s,28000 DA Fixe,https://www.ouedkniss.com/apple-iphone-6s-alger-belouizdad-algerie-téléphones-d24336262?utm_medium=listing
Xiaomi Redmi Note 8,32000 DA Négociable,https://www.ouedkniss.com/xiaomi-redmi-note-8-alger-les-eucalyptus-algerie-téléphones-d24336219?utm_medium=listing
Samsung Galaxy A50,43000 DA Négociable,https://www.ouedkniss.com/samsung-galaxy-a50-boumerdes-bordj-menaiel-algerie-téléphones-d24336211?utm_medium=listing
Realme Realme 6,57000 DA Fixe,https://www.ouedkniss.com/realme-6-setif-el-eulma-algerie-téléphones-d24336155?utm_medium=listing
Asus Asus mémo par 10,None,https://www.ouedkniss.com/asus-mémo-par-10-alger-bab-ezzouar-algerie-téléphones-d24336099?utm_medium=listing
Apple iPhone 6s,30000 DA Fixe,https://www.ouedkniss.com/apple-iphone-6s-alger-centre-algerie-téléphones-d24336086?utm_medium=listing
Xiaomi Redmi Note 9 Pro,None,https://www.ouedkniss.com/xiaomi-redmi-note-9-pro-bordj-bou-arreridj-algerie-téléphones-d24335912?utm_medium=listing
Huawei Y7 Prime (2018),19000 DA Négociable,https://www.ouedkniss.com/huawei-y7-prime-2018-alger-baba-hassen-algerie-téléphones-d24335902?utm_medium=listing
nom,prix,lien
Samsung Galaxy Note20 Ultra 5G,204900 DA Négociable,https://www.ouedkniss.com/samsung-galaxy-note20-ultra-5g-alger-hussein-dey-algerie-téléphones-d24337796?utm_medium=listing
alcatel Idol 4 pro,25000 DA Négociable,https://www.ouedkniss.com/alcatel-idol-4-pro-alger-les-eucalyptus-algerie-téléphones-d24208417?utm_medium=listing
Samsung Galaxy S20 Ultra 5G,176500 DA Fixe,https://www.ouedkniss.com/samsung-galaxy-s20-ultra-5g-alger-hussein-dey-algerie-téléphones-d23748201?utm_medium=listing
Samsung J4,16000 DA Négociable,https://www.ouedkniss.com/samsung-j4-alger-belouizdad-algerie-téléphones-d24337383?utm_medium=listing
Cisco Téléphone ip cisco St203,None,https://www.ouedkniss.com/cisco-téléphone-ip-st203-bordj-bou-arreridj-algerie-téléphones-d12848574?utm_medium=listing
Apple Iphone 7Plus 32 Go,48000 DA Négociable,https://www.ouedkniss.com/apple-iphone-7plus-32-go-alger-centre-algerie-téléphones-d24337359?utm_medium=listing
Infinix Note 7_HOT 8_ HOT 9,41900 DA Fixe,https://www.ouedkniss.com/infinix-note-7-hot-8-9-blida-soumaa-alger-douera-algerie-téléphones-d23561583?utm_medium=listing
Xiaomi Redmi Note 8,34000 DA Fixe,https://www.ouedkniss.com/xiaomi-redmi-note-8-alger-chevalley-algerie-téléphones-d24337310?utm_medium=listing
Xiaomi Redmi 9_9A_Note 9 Pro_Note 8T_Note 9S_8A,None,https://www.ouedkniss.com/xiaomi-redmi-9-9a-note-pro-8t-9s-8a-blida-soumaa-alger-douera-algerie-téléphones-d22795027?utm_medium=listing
Apple iPhone 6s plus,24000 DA Négociable,https://www.ouedkniss.com/apple-iphone-6s-plus-alger-birtouta-baraki-algerie-téléphones-d24337274?utm_medium=listing
Samsung Galaxy A71 8/128GB,77500 DA Négociable,https://www.ouedkniss.com/samsung-galaxy-a71-8-128gb-alger-bab-ezzouar-algerie-téléphones-d8621348?utm_medium=listing
Oppo Reno3,59000 DA Fixe,https://www.ouedkniss.com/oppo-reno3-oran-algerie-téléphones-d24337241?utm_medium=listing
Xiaomi Redmi Note 9 Pro Max,66000 DA Négociable,https://www.ouedkniss.com/xiaomi-redmi-note-9-pro-max-alger-bab-ezzouar-algerie-téléphones-d8928090?utm_medium=listing
Samsung Galaxy S7 edge,27 DA Fixe,https://www.ouedkniss.com/samsung-galaxy-s7-edge-alger-el-achour-algerie-téléphones-d24337238?utm_medium=listing
LG X power 3,23000 DA Négociable,https://www.ouedkniss.com/lg-x-power-3-alger-bab-ezzouar-algerie-téléphones-d18202733?utm_medium=listing
Huawei P20,33 DA Offert,https://www.ouedkniss.com/huawei-p20-medea-tablat-algerie-téléphones-d24337119?utm_medium=listing
Motorola Moto G7 Power,32000 DA Négociable,https://www.ouedkniss.com/motorola-moto-g7-power-alger-dely-brahim-algerie-téléphones-d23527039?utm_medium=listing
Samsung Galaxy S5 Neo,15 DA Fixe,https://www.ouedkniss.com/samsung-galaxy-s5-neo-alger-ben-aknoun-algerie-téléphones-d24337037?utm_medium=listing
Huawei Mate 30 5G,109000 DA Négociable,https://www.ouedkniss.com/huawei-mate-30-5g-alger-dely-brahim-algerie-téléphones-d23493694?utm_medium=listing
Samsung Galaxy Note8,45000 DA Négociable,https://www.ouedkniss.com/samsung-galaxy-note8-alger-ouled-fayet-algerie-téléphones-d24337033?utm_medium=listing
Samsung A51 8GB/128GB,63000 DA Fixe,https://www.ouedkniss.com/samsung-a51-8gb-128gb-alger-chevalley-algerie-téléphones-d24149322?utm_medium=listing
Apple Watch Series 5,None,https://www.ouedkniss.com/apple-watch-series-5-blida-algerie-téléphones-d24302922?utm_medium=listing
Huawei P30 lite,42000 DA Fixe,https://www.ouedkniss.com/huawei-p30-lite-alger-staoueli-algerie-téléphones-d23927922?utm_medium=listing
Apple iPhone 11 turbo SIM,110000 DA Négociable,https://www.ouedkniss.com/apple-iphone-11-turbo-sim-alger-hydra-bab-ezzouar-algerie-téléphones-d24337015?utm_medium=listing
Apple Iphone 11 Duos,139500 DA Négociable,https://www.ouedkniss.com/apple-iphone-11-duos-alger-el-mouradia-algerie-téléphones-d21123751?utm_medium=listing
Samsung Galaxy S7 (USA),23000 DA Fixe,https://www.ouedkniss.com/samsung-galaxy-s7-usa-alger-bab-ezzouar-algerie-téléphones-d24336968?utm_medium=listing
Apple Iphone 11 Pro,202000 DA Fixe,https://www.ouedkniss.com/apple-iphone-11-pro-alger-el-biar-algerie-téléphones-d22263609?utm_medium=listing
Huawei P30 lite,34 DA Négociable,https://www.ouedkniss.com/huawei-p30-lite-boumerdes-boudouaou-algerie-téléphones-d24336964?utm_medium=listing
Apple IPhone 11 Pro (2sim),229000 DA Fixe,https://www.ouedkniss.com/apple-iphone-11-pro-2sim-alger-el-biar-algerie-téléphones-d21308308?utm_medium=listing
Huawei Honor 9x,43500 DA Négociable,https://www.ouedkniss.com/huawei-honor-9x-constantine-ain-smara-algerie-téléphones-d24336922?utm_medium=listing
Xiaomi Redmi Note 8 global VR,41000 DA Fixe,https://www.ouedkniss.com/xiaomi-redmi-note-8-global-vr-alger-baraki-algerie-téléphones-d20910761?utm_medium=listing
Samsung Galaxy note 8,30000 DA Négociable,https://www.ouedkniss.com/samsung-galaxy-note-8-alger-kouba-algerie-téléphones-d24336915?utm_medium=listing
Samsung Galaxy S10+  Neuf Sous Blister,121000 DA Négociable,https://www.ouedkniss.com/samsung-galaxy-s10-neuf-sous-blister-alger-bab-ezzouar-algerie-téléphones-d11998472?utm_medium=listing
Oppo oppo Reno 2F,1 DA Négociable,https://www.ouedkniss.com/oppo-reno-2f-alger-reghaia-algerie-téléphones-d24336730?utm_medium=listing
OnePlus 7T,95000 DA Négociable,https://www.ouedkniss.com/oneplus-7t-alger-el-harrach-algerie-téléphones-d24312851?utm_medium=listing
Samsung Galaxy S6,17000 DA Négociable,https://www.ouedkniss.com/samsung-galaxy-s6-alger-mohammadia-algerie-téléphones-d24336656?utm_medium=listing
Samsung S20+ Sous Blister,138000 DA Négociable,https://www.ouedkniss.com/samsung-s20-sous-blister-alger-bab-ezzouar-algerie-téléphones-d18402949?utm_medium=listing
Huawei Mate 30 Pro,128000 DA Fixe,https://www.ouedkniss.com/huawei-mate-30-pro-relizane-mazouna-chlef-algerie-téléphones-d24336631?utm_medium=listing
Samsung Galaxy S20 Ultra 5G,177000 DA Fixe,https://www.ouedkniss.com/samsung-galaxy-s20-ultra-5g-alger-bab-ezzouar-algerie-téléphones-d18153978?utm_medium=listing
Smartwatch Modoex  M8,1500 DA Fixe,https://www.ouedkniss.com/smartwatch-modoex-m8-oran-algerie-téléphones-d23349990?utm_medium=listing
Samsung Note 20 ultra 5g,202000 DA Fixe,https://www.ouedkniss.com/samsung-note-20-ultra-5g-alger-birkhadem-algerie-téléphones-d24335894?utm_medium=listing
Samsung Galaxy J7 Prime,21 DA Négociable,https://www.ouedkniss.com/samsung-galaxy-j7-prime-alger-hussein-dey-algerie-téléphones-d24336494?utm_medium=listing
Apple iPhone 8,58000 DA Fixe,https://www.ouedkniss.com/apple-iphone-8-alger-birkhadem-algerie-téléphones-d24335872?utm_medium=listing
Apple iphone x mdm sans puce,None,https://www.ouedkniss.com/apple-iphone-x-mdm-sans-puce-alger-centre-algerie-téléphones-d24336426?utm_medium=listing
Xiaomi Black Shark 2 Pro,96900 DA Fixe,https://www.ouedkniss.com/xiaomi-black-shark-2-pro-alger-hussein-dey-algerie-téléphones-d24303286?utm_medium=listing
Xiaomi Poco F2 Pro,98000 DA Fixe,https://www.ouedkniss.com/xiaomi-poco-f2-pro-alger-ouled-fayet-algerie-téléphones-d24336384?utm_medium=listing
Xiaomi Redmi Note 8 Pro,49000 DA Fixe,https://www.ouedkniss.com/xiaomi-redmi-note-8-pro-alger-chevalley-algerie-téléphones-d24336380?utm_medium=listing
Apple iPhone 8,None,https://www.ouedkniss.com/apple-iphone-8-boumerdes-algerie-téléphones-d24336367?utm_medium=listing
apple iphone 11 Pro Max,None,https://www.ouedkniss.com/apple-iphone-11-pro-max-alger-centre-algerie-téléphones-d24336356?utm_medium=listing
Samsung Galaxy S7,None,https://www.ouedkniss.com/samsung-galaxy-s7-alger-zeralda-algerie-téléphones-d24336348?utm_medium=listing
Samsung A 51,63000 DA Négociable,https://www.ouedkniss.com/samsung-a-51-naama-ain-sefra-algerie-téléphones-d24336328?utm_medium=listing
Xiaomi Redmi Note 9 Pro,53000 DA Fixe,https://www.ouedkniss.com/xiaomi-redmi-note-9-pro-alger-baba-hassen-algerie-téléphones-d24336316?utm_medium=listing
Apple iPhone 6s,28000 DA Fixe,https://www.ouedkniss.com/apple-iphone-6s-alger-belouizdad-algerie-téléphones-d24336262?utm_medium=listing
Xiaomi Redmi Note 8,32000 DA Négociable,https://www.ouedkniss.com/xiaomi-redmi-note-8-alger-les-eucalyptus-algerie-téléphones-d24336219?utm_medium=listing
Samsung Galaxy A50,43000 DA Négociable,https://www.ouedkniss.com/samsung-galaxy-a50-boumerdes-bordj-menaiel-algerie-téléphones-d24336211?utm_medium=listing
Realme Realme 6,57000 DA Fixe,https://www.ouedkniss.com/realme-6-setif-el-eulma-algerie-téléphones-d24336155?utm_medium=listing
Asus Asus mémo par 10,None,https://www.ouedkniss.com/asus-mémo-par-10-alger-bab-ezzouar-algerie-téléphones-d24336099?utm_medium=listing
Apple iPhone 6s,30000 DA Fixe,https://www.ouedkniss.com/apple-iphone-6s-alger-centre-algerie-téléphones-d24336086?utm_medium=listing
Xiaomi Redmi Note 9 Pro,None,https://www.ouedkniss.com/xiaomi-redmi-note-9-pro-bordj-bou-arreridj-algerie-téléphones-d24335912?utm_medium=listing
Huawei Y7 Prime (2018),19000 DA Négociable,https://www.ouedkniss.com/huawei-y7-prime-2018-alger-baba-hassen-algerie-téléphones-d24335902?utm_medium=listing
nom,prix,lien
Apple Iphone 11 Duos,145000 DA Fixe,https://www.ouedkniss.com/apple-iphone-11-duos-alger-birkhadem-algerie-téléphones-d23829434?utm_medium=listing
Huawei Mate 30 pro,145000 DA Fixe,https://www.ouedkniss.com/huawei-mate-30-pro-alger-cheraga-algerie-téléphones-d24335884?utm_medium=listing
Huawei P30 Pro 8/128G  Blister,120000 DA Fixe,https://www.ouedkniss.com/huawei-p30-pro-8-128g-blister-alger-bab-ezzouar-algerie-téléphones-d7988190?utm_medium=listing
Huawei P30 PRO,75000 DA Fixe,https://www.ouedkniss.com/huawei-p30-pro-alger-bab-ezzouar-algerie-téléphones-d24335860?utm_medium=listing
Apple iPhone 11 128G Duos,150000 DA Négociable,https://www.ouedkniss.com/apple-iphone-11-128g-duos-alger-bab-ezzouar-algerie-téléphones-d15376870?utm_medium=listing
Samsung Galaxy S10+,95000 DA Négociable,https://www.ouedkniss.com/samsung-galaxy-s10-oran-bir-el-djir-algerie-téléphones-d24335839?utm_medium=listing
Apple 11 PRO MAX 256G Duos,246000 DA Négociable,https://www.ouedkniss.com/apple-11-pro-max-256g-duos-alger-bab-ezzouar-algerie-téléphones-d18163257?utm_medium=listing
Samsung Galaxy J1 mini prime,900 DA Négociable,https://www.ouedkniss.com/samsung-galaxy-j1-mini-prime-batna-algerie-téléphones-d24335801?utm_medium=listing
Xiaomi POCO X3 NFC 6/128G,65500 DA Négociable,https://www.ouedkniss.com/xiaomi-poco-x3-nfc-6-128g-alger-bab-ezzouar-algerie-téléphones-d15253845?utm_medium=listing
LG X5,None,https://www.ouedkniss.com/lg-x5-alger-dely-brahim-algerie-téléphones-d24335707?utm_medium=listing
Samsung S20 Plus 5G ( S20+ 5G ),146000 DA Négociable,https://www.ouedkniss.com/samsung-s20-plus-5g-alger-bab-ezzouar-algerie-téléphones-d12003909?utm_medium=listing
Apple iPhone 7 Plus,86000 DA Fixe,https://www.ouedkniss.com/apple-iphone-7-plus-boumerdes-dellys-algerie-téléphones-d24335656?utm_medium=listing
Oppo Find x2 neo 5g 256gb/12g,99000 DA Fixe,https://www.ouedkniss.com/oppo-find-x2-neo-5g-256gb-12g-alger-el-biar-algerie-téléphones-d23985505?utm_medium=listing
Sony Xperia Z3 Compact,13000 DA Négociable,https://www.ouedkniss.com/sony-xperia-z3-compact-alger-mohammadia-algerie-téléphones-d24335647?utm_medium=listing
Samsung S20 plus  / s20+ 5g,139000 DA Fixe,https://www.ouedkniss.com/samsung-s20-plus-5g-alger-el-biar-algerie-téléphones-d23514247?utm_medium=listing
Apple iPhone 7,40000 DA Fixe,https://www.ouedkniss.com/apple-iphone-7-alger-les-eucalyptus-algerie-téléphones-d24335625?utm_medium=listing
Huawei Mate 30 pro 256gb 5g,149000 DA Fixe,https://www.ouedkniss.com/huawei-mate-30-pro-256gb-5g-alger-el-biar-algerie-téléphones-d22130451?utm_medium=listing
LG K11 Plus,19000 DA Négociable,https://www.ouedkniss.com/lg-k11-plus-setif-ain-azel-algerie-téléphones-d24335589?utm_medium=listing
Apple Iphone 11 Duos,149000 DA Fixe,https://www.ouedkniss.com/apple-iphone-11-duos-alger-el-biar-algerie-téléphones-d21147713?utm_medium=listing
Xiaomi Redmi 9,None,https://www.ouedkniss.com/xiaomi-redmi-9-constantine-algerie-téléphones-d24335570?utm_medium=listing
Xiaomi Mi 10 5G,129000 DA Fixe,https://www.ouedkniss.com/xiaomi-mi-10-5g-alger-el-biar-algerie-téléphones-d24189222?utm_medium=listing
Samsung Galaxy A70,1 DA Négociable,https://www.ouedkniss.com/samsung-galaxy-a70-alger-el-harrach-algerie-téléphones-d24280497?utm_medium=listing
Huawei P30 pro 128gb/8gb (2sim),119000 DA Fixe,https://www.ouedkniss.com/huawei-p30-pro-128gb-8gb-2sim-alger-el-biar-algerie-téléphones-d19355216?utm_medium=listing
Xiaomi Redmi Note 8 Pro,None,https://www.ouedkniss.com/xiaomi-redmi-note-8-pro-boumerdes-tidjelabine-algerie-téléphones-d24335547?utm_medium=listing
Samsung Note 20 ultra 5g 256/12,208000 DA Fixe,https://www.ouedkniss.com/samsung-note-20-ultra-5g-256-12-alger-el-biar-algerie-téléphones-d24010784?utm_medium=listing
Clip sonic TEC585,5000 DA Fixe,https://www.ouedkniss.com/clip-sonic-tec585-alger-baraki-bab-ezzouar-dar-el-beida-algerie-téléphones-d20042976?utm_medium=listing
OnePlus 7T,94000 DA Fixe,https://www.ouedkniss.com/oneplus-7t-alger-el-biar-algerie-téléphones-d21617838?utm_medium=listing
Apple iPhone 7,33500 DA Négociable,https://www.ouedkniss.com/apple-iphone-7-alger-bordj-el-bahri-algerie-téléphones-d24335518?utm_medium=listing
Apple iPhone XS Max,131000 DA Fixe,https://www.ouedkniss.com/apple-iphone-xs-max-boumerdes-boudouaou-algerie-téléphones-d24335208?utm_medium=listing
Apple Iphone 11,1 DA Négociable,https://www.ouedkniss.com/apple-iphone-11-alger-ain-naadja-algerie-téléphones-d24335480?utm_medium=listing
Doogee Y7,19800 DA Fixe,https://www.ouedkniss.com/doogee-y7-alger-dely-brahim-algerie-téléphones-d22698532?utm_medium=listing
Samsung Galaxy S10+,None,https://www.ouedkniss.com/samsung-galaxy-s10-alger-bordj-el-kiffan-algerie-téléphones-d24335460?utm_medium=listing
Oppo Reno2 F,56500 DA Fixe,https://www.ouedkniss.com/oppo-reno2-f-boumerdes-boudouaou-algerie-téléphones-d24335163?utm_medium=listing
OnePlus 7T,95000 DA Négociable,https://www.ouedkniss.com/oneplus-7t-oran-bir-el-djir-algerie-téléphones-d24335416?utm_medium=listing
Apple watch série 5  40/44mm Aluminium case,83000 DA Fixe,https://www.ouedkniss.com/apple-watch-série-5-40-44mm-aluminium-case-alger-el-biar-algerie-téléphones-d23271611?utm_medium=listing
alcatel VERSATIS 630,10000 DA Négociable,https://www.ouedkniss.com/alcatel-versatis-630-oran-algerie-téléphones-d24335349?utm_medium=listing
XIAOMI REDMI NOTE9 PRO MAX 128GB / 8GB RAM,65500 DA Fixe,https://www.ouedkniss.com/xiaomi-redmi-note9-pro-max-128gb-8gb-ram-alger-el-biar-algerie-téléphones-d24135411?utm_medium=listing
apple iphone 11 Pro Max,1 DA Négociable,https://www.ouedkniss.com/apple-iphone-11-pro-max-alger-ain-naadja-algerie-téléphones-d24335316?utm_medium=listing
XIAOMI REDMI NOTE9 PRO 6GB RAM DUOS 64GB,54990 DA Fixe,https://www.ouedkniss.com/xiaomi-redmi-note9-pro-6gb-ram-duos-64gb-alger-el-biar-algerie-téléphones-d24135174?utm_medium=listing
Xiaomi Redmi 9A,27500 DA Négociable,https://www.ouedkniss.com/xiaomi-redmi-9a-alger-les-eucalyptus-algerie-téléphones-d24335232?utm_medium=listing
Redmi note9 64GB  Note 9 Duos,39500 DA Fixe,https://www.ouedkniss.com/redmi-note9-64gb-note-9-duos-alger-el-biar-algerie-téléphones-d23843766?utm_medium=listing
Xiaomi Redmi Note 8T,38000 DA Fixe,https://www.ouedkniss.com/xiaomi-redmi-note-8t-msila-algerie-téléphones-d24335228?utm_medium=listing
XIAOMI Redmi note 9s 128GB 6GB RAM note9s,51000 DA Fixe,https://www.ouedkniss.com/xiaomi-redmi-note-9s-128gb-6gb-ram-note9s-alger-el-biar-algerie-téléphones-d23627874?utm_medium=listing
OnePlus 8,12 DA Fixe,https://www.ouedkniss.com/oneplus-8-blida-algerie-téléphones-d24325775?utm_medium=listing
XIAOMI Redmi note9 pro Note 9pro 128GB,56500 DA Fixe,https://www.ouedkniss.com/xiaomi-redmi-note9-pro-note-9pro-128gb-alger-el-biar-algerie-téléphones-d23601428?utm_medium=listing
Xiaomi Redmi Note 9,43500 DA Fixe,https://www.ouedkniss.com/xiaomi-redmi-note-9-alger-dar-el-beida-algerie-téléphones-d24335184?utm_medium=listing
Panasonic kx-ft987cx,13000 DA Négociable,https://www.ouedkniss.com/panasonic-kx-ft987cx-oran-algerie-téléphones-d12968025?utm_medium=listing
Samsung Galaxy S9,None,https://www.ouedkniss.com/samsung-galaxy-s9-alger-rouiba-algerie-téléphones-d24335159?utm_medium=listing
Apple iPhone 7 Plus,56000 DA Négociable,https://www.ouedkniss.com/apple-iphone-7-plus-alger-draria-algerie-téléphones-d24325562?utm_medium=listing
Xiaomi Redmi Note 8,36 DA Négociable,https://www.ouedkniss.com/xiaomi-redmi-note-8-mostaganem-bouguirat-algerie-téléphones-d24335061?utm_medium=listing
Apple Iphone 11,1 DA Négociable,https://www.ouedkniss.com/apple-iphone-11-guelma-algerie-téléphones-d24334982?utm_medium=listing
Huawei Huawei P30 Lite,40000 DA Fixe,https://www.ouedkniss.com/huawei-p30-lite-constantine-algerie-téléphones-d24334977?utm_medium=listing
Oppo A5s (AX5s),27 DA Négociable,https://www.ouedkniss.com/oppo-a5s-ax5s-alger-baraki-algerie-téléphones-d24334899?utm_medium=listing
Realme 6,1 DA Négociable,https://www.ouedkniss.com/realme-6-tlemcen-mansourah-algerie-téléphones-d23943754?utm_medium=listing
Samsung S6 edge plus,21 DA Fixe,https://www.ouedkniss.com/samsung-s6-edge-plus-alger-birkhadem-algerie-téléphones-d24234522?utm_medium=listing
Apple iPhone XS Max,1 DA Négociable,https://www.ouedkniss.com/apple-iphone-xs-max-alger-rouiba-algerie-téléphones-d24334757?utm_medium=listing
Samsung Galaxy s4 et s4,None,https://www.ouedkniss.com/samsung-galaxy-s4-et-alger-ain-naadja-algerie-téléphones-d24334739?utm_medium=listing
Apple iPhone 8 Plus,82 DA Négociable,https://www.ouedkniss.com/apple-iphone-8-plus-tipaza-kolea-algerie-téléphones-d24010747?utm_medium=listing
Oppo F1 Plus 64Go,20000 DA Fixe,https://www.ouedkniss.com/oppo-f1-plus-64go-alger-bab-ezzouar-algerie-téléphones-d24334648?utm_medium=listing
Oppo F1 Plus,20000 DA Négociable,https://www.ouedkniss.com/oppo-f1-plus-alger-bab-ezzouar-hussein-dey-algerie-téléphones-d24334602?utm_medium=listing
nom,prix,lien
Oppo F7,29500 DA Fixe,https://www.ouedkniss.com/oppo-f7-boumerdes-boudouaou-algerie-téléphones-d24335083?utm_medium=listing
C idea CM477,10500 DA Fixe,https://www.ouedkniss.com/c-idea-cm477-alger-draria-algerie-téléphones-d24334589?utm_medium=listing
Condor M3 lite,22500 DA Fixe,https://www.ouedkniss.com/condor-m3-lite-alger-bab-el-oued-blida-meftah-algerie-téléphones-d24202007?utm_medium=listing
Samsung Galaxy Note10+ 5G,130000 DA Négociable,https://www.ouedkniss.com/samsung-galaxy-note10-5g-blida-algerie-téléphones-d24334581?utm_medium=listing
Oppo Reno 2f 12 mois garantie,61000 DA Fixe,https://www.ouedkniss.com/oppo-reno-2f-12-mois-garantie-alger-bab-el-oued-blida-meftah-algerie-téléphones-d21922329?utm_medium=listing
C idea CM422,11500 DA Fixe,https://www.ouedkniss.com/c-idea-cm422-alger-draria-algerie-téléphones-d24334502?utm_medium=listing
Oppo Reno 3 128/8 Garantie,600 DA Fixe,https://www.ouedkniss.com/oppo-reno-3-128-8-garantie-alger-bab-el-oued-blida-meftah-algerie-téléphones-d24016761?utm_medium=listing
Samsung Galaxy M30s,47000 DA Négociable,https://www.ouedkniss.com/samsung-galaxy-m30s-oran-bir-el-djir-algerie-téléphones-d24334498?utm_medium=listing
Condor M3,27500 DA Fixe,https://www.ouedkniss.com/condor-m3-alger-bab-el-oued-blida-meftah-algerie-téléphones-d24224799?utm_medium=listing
Apple iPhone 6,24000 DA Négociable,https://www.ouedkniss.com/apple-iphone-6-alger-cheraga-algerie-téléphones-d24334417?utm_medium=listing
Oppo A31 12 mois garantie,34000 DA Fixe,https://www.ouedkniss.com/oppo-a31-12-mois-garantie-alger-bab-el-oued-blida-meftah-algerie-téléphones-d23673865?utm_medium=listing
Samsung Galaxy M20,30 DA Négociable,https://www.ouedkniss.com/samsung-galaxy-m20-alger-bab-ezzouar-algerie-téléphones-d24334414?utm_medium=listing
Infinix Note 7 Lite,35000 DA Fixe,https://www.ouedkniss.com/infinix-note-7-lite-alger-bab-el-oued-blida-meftah-algerie-téléphones-d24120433?utm_medium=listing
Samsung Galaxy S10+,105000 DA Fixe,https://www.ouedkniss.com/samsung-galaxy-s10-blida-algerie-téléphones-d24334376?utm_medium=listing
Infinix Hot 9,31900 DA Fixe,https://www.ouedkniss.com/infinix-hot-9-alger-bab-el-oued-blida-meftah-algerie-téléphones-d23712262?utm_medium=listing
Samsung Galaxy A10s,29000 DA Fixe,https://www.ouedkniss.com/samsung-galaxy-a10s-tipaza-douaouda-algerie-téléphones-d24267409?utm_medium=listing
Xiaomi Redmi note 9s 128GB,51900 DA Fixe,https://www.ouedkniss.com/xiaomi-redmi-note-9s-128gb-alger-bab-el-oued-blida-meftah-algerie-téléphones-d23794351?utm_medium=listing
Apple iPhone 7 Plus,59000 DA Négociable,https://www.ouedkniss.com/apple-iphone-7-plus-alger-cheraga-algerie-téléphones-d24334326?utm_medium=listing
Huawei Y9s 128/6,51900 DA Fixe,https://www.ouedkniss.com/huawei-y9s-128-6-alger-bab-el-oued-blida-meftah-algerie-téléphones-d21704665?utm_medium=listing
C idea CM499,12500 DA Fixe,https://www.ouedkniss.com/c-idea-cm499-alger-draria-algerie-téléphones-d24334209?utm_medium=listing
Xiaomi Redmi note 8 pro 128gb,51500 DA Fixe,https://www.ouedkniss.com/xiaomi-redmi-note-8-pro-128gb-alger-bab-el-oued-blida-meftah-algerie-téléphones-d20847663?utm_medium=listing
Apple Iphone 8 plus,95000 DA Fixe,https://www.ouedkniss.com/apple-iphone-8-plus-alger-el-achour-algerie-téléphones-d24334188?utm_medium=listing
Samsung Galaxy TabA 2019 10" Wi-Fi Tab A10,44900 DA Fixe,https://www.ouedkniss.com/samsung-galaxy-taba-2019-10-wi-fi-tab-a10-alger-el-biar-algerie-téléphones-d24271364?utm_medium=listing
Apple Iphone 11 Duos,146000 DA Fixe,https://www.ouedkniss.com/apple-iphone-11-duos-alger-bordj-el-kiffan-algerie-téléphones-d24334180?utm_medium=listing
SAMSUNG GALAXY TAB A8"  2019/32GB/4G LTE TabA,33500 DA Fixe,https://www.ouedkniss.com/samsung-galaxy-tab-a8-2019-32gb-4g-lte-taba-alger-el-biar-algerie-téléphones-d23657382?utm_medium=listing
Oppo Reno3,59000 DA Fixe,https://www.ouedkniss.com/oppo-reno3-tipaza-kolea-algerie-téléphones-d24334159?utm_medium=listing
SAMSUNG GALAXY TAB A10"  2019 32GB 4G LTE TabA,51990 DA Fixe,https://www.ouedkniss.com/samsung-galaxy-tab-a10-2019-32gb-4g-lte-taba-alger-el-biar-algerie-téléphones-d23657350?utm_medium=listing
Oppo F3,26000 DA Fixe,https://www.ouedkniss.com/oppo-f3-alger-draria-algerie-téléphones-d24334144?utm_medium=listing
Honor Honor 8,29500 DA Négociable,https://www.ouedkniss.com/honor-8-alger-centre-algerie-téléphones-d19348879?utm_medium=listing
Samsung M30s,42000 DA Négociable,https://www.ouedkniss.com/samsung-m30s-alger-birtouta-algerie-téléphones-d24334116?utm_medium=listing
Samsung Galaxy A5  original fr,21000 DA Négociable,https://www.ouedkniss.com/samsung-galaxy-a5-original-fr-alger-centre-algerie-téléphones-d12386812?utm_medium=listing
Xiaomi Mi Note 10 Lite,78500 DA Négociable,https://www.ouedkniss.com/xiaomi-mi-note-10-lite-tizi-ouzou-algerie-téléphones-d24334084?utm_medium=listing
LG   LG g4 s /LG mini SFR,16000 DA Négociable,https://www.ouedkniss.com/lg-g4-s-mini-sfr-alger-centre-algerie-téléphones-d12284625?utm_medium=listing
Apple iPhone 8,51000 DA Négociable,https://www.ouedkniss.com/apple-iphone-8-alger-bab-ezzouar-algerie-téléphones-d24334071?utm_medium=listing
Samsung Galaxy  A7,25000 DA Négociable,https://www.ouedkniss.com/samsung-galaxy-a7-alger-centre-algerie-téléphones-d8861488?utm_medium=listing
Asus Zenfone Max (M2) ZB633KL,26500 DA Fixe,https://www.ouedkniss.com/asus-zenfone-max-m2-zb633kl-mila-algerie-téléphones-d24228911?utm_medium=listing
Huawei P40 pro 5G DUOS,168000 DA Fixe,https://www.ouedkniss.com/huawei-p40-pro-5g-duos-alger-chevalley-algerie-téléphones-d23330080?utm_medium=listing
Condor p6 pro,8000 DA Fixe,https://www.ouedkniss.com/condor-p6-pro-alger-baba-hassen-algerie-téléphones-d24333963?utm_medium=listing
Samsung S20 plus DUOS,138000 DA Fixe,https://www.ouedkniss.com/samsung-s20-plus-duos-alger-chevalley-algerie-téléphones-d22183382?utm_medium=listing
Apple Iphone11pro max duos,None,https://www.ouedkniss.com/apple-iphone11pro-max-duos-alger-bab-ezzouar-algerie-téléphones-d24333945?utm_medium=listing
iPhone 11 DUOS 128GB DUO ROUGE NOIR VERT PERPEL,148000 DA Fixe,https://www.ouedkniss.com/iphone-11-duos-128gb-duo-rouge-noir-vert-perpel-alger-chevalley-algerie-téléphones-d21190692?utm_medium=listing
Oppo F3,25 DA Négociable,https://www.ouedkniss.com/oppo-f3-blida-meftah-algerie-téléphones-d24333863?utm_medium=listing
Samsung A71 128GB /8GB RAM,77000 DA Fixe,https://www.ouedkniss.com/samsung-a71-128gb-8gb-ram-alger-chevalley-algerie-téléphones-d21966726?utm_medium=listing
Condor Griffe G2S,19000 DA Négociable,https://www.ouedkniss.com/condor-griffe-g2s-boumerdes-algerie-téléphones-d24333861?utm_medium=listing
c idea  tablette c idea 7 puce,11000 DA Fixe,https://www.ouedkniss.com/c-idea-tablette-7-puce-alger-ain-naadja-algerie-téléphones-d20020550?utm_medium=listing
Xiaomi Poco x3 6/128,63500 DA Fixe,https://www.ouedkniss.com/xiaomi-poco-x3-6-128-setif-algerie-téléphones-d24333859?utm_medium=listing
Apple Iphone 11 duos 128GB,None,https://www.ouedkniss.com/apple-iphone-11-duos-128gb-alger-bab-ezzouar-algerie-téléphones-d24333854?utm_medium=listing
Oppo A5s (AX5s),25 DA Fixe,https://www.ouedkniss.com/oppo-a5s-ax5s-alger-ain-taya-algerie-téléphones-d24333843?utm_medium=listing
Apple iPhone 7 Plus,50000 DA Offert,https://www.ouedkniss.com/apple-iphone-7-plus-alger-mohammadia-algerie-téléphones-d24333829?utm_medium=listing
Xiaomi Redmi 8,28000 DA Négociable,https://www.ouedkniss.com/xiaomi-redmi-8-alger-bordj-el-kiffan-algerie-téléphones-d24333752?utm_medium=listing
Samsung Galaxy A7 (2018),40000 DA Fixe,https://www.ouedkniss.com/samsung-galaxy-a7-2018-tipaza-kolea-algerie-téléphones-d23810068?utm_medium=listing
Samsung Galaxy S10,None,https://www.ouedkniss.com/samsung-galaxy-s10-bordj-bou-arreridj-algerie-téléphones-d24333726?utm_medium=listing
Apple Iphone 11 Duos,158000 DA Fixe,https://www.ouedkniss.com/apple-iphone-11-duos-alger-bab-ezzouar-algerie-téléphones-d24333688?utm_medium=listing
Samsung Galaxy J5 (2016),15000 DA Négociable,https://www.ouedkniss.com/samsung-galaxy-j5-2016-alger-hussein-dey-algerie-téléphones-d24333686?utm_medium=listing
Xiaomi Redmi Note 8 Pro,50000 DA Négociable,https://www.ouedkniss.com/xiaomi-redmi-note-8-pro-naama-ain-sefra-algerie-téléphones-d24333648?utm_medium=listing
kiowa cristal X4,6000 DA Négociable,https://www.ouedkniss.com/kiowa-cristal-x4-tizi-ouzou-algerie-téléphones-d24333645?utm_medium=listing
Samsung S20 +,138000 DA Négociable,https://www.ouedkniss.com/samsung-s20-alger-centre-algerie-téléphones-d24325210?utm_medium=listing
Apple iPad mini Wi-Fi,None,https://www.ouedkniss.com/apple-ipad-mini-wi-fi-boumerdes-algerie-téléphones-d24333606?utm_medium=listing
Oppo A12,None,https://www.ouedkniss.com/oppo-a12-alger-cheraga-algerie-téléphones-d24333572?utm_medium=listing
Oppo A12,None,https://www.ouedkniss.com/oppo-a12-alger-cheraga-algerie-téléphones-d24333534?utm_medium=listing
nom,prix,lien
D-Tech Kids n-703 tablette  pour enfant,9000 DA Fixe,https://www.ouedkniss.com/d-tech-kids-n-703-tablette-pour-enfant-alger-ain-naadja-algerie-téléphones-d20160326?utm_medium=listing
Oppo A12,None,https://www.ouedkniss.com/oppo-a12-alger-cheraga-algerie-téléphones-d24333488?utm_medium=listing
Samsung S20 ultra 5G DUOS,176000 DA Fixe,https://www.ouedkniss.com/samsung-s20-ultra-5g-duos-alger-chevalley-algerie-téléphones-d22229740?utm_medium=listing
Apple Iphone 11 Duos,142000 DA Fixe,https://www.ouedkniss.com/apple-iphone-11-duos-alger-kouba-algerie-téléphones-d24333484?utm_medium=listing
Nokia nokia 1280,1900 DA Fixe,https://www.ouedkniss.com/nokia-1280-alger-ain-naadja-algerie-téléphones-d24245556?utm_medium=listing
Apple Ipad pro 1 9.7 GOLD,62000 DA Fixe,https://www.ouedkniss.com/apple-ipad-pro-1-9-7-gold-blida-algerie-téléphones-d24333477?utm_medium=listing
Samsung Galaxy Watch  46mm / bluetooth,39500 DA Fixe,https://www.ouedkniss.com/samsung-galaxy-watch-46mm-bluetooth-alger-el-biar-algerie-téléphones-d23271375?utm_medium=listing
Samsung Galaxy C7 Pro,1 DA Négociable,https://www.ouedkniss.com/samsung-galaxy-c7-pro-bordj-bou-arreridj-algerie-téléphones-d24333390?utm_medium=listing
SAMSUNG GALAXY BUDS PLUS Budsplus buds+,23990 DA Fixe,https://www.ouedkniss.com/samsung-galaxy-buds-plus-budsplus-alger-el-biar-algerie-téléphones-d23989560?utm_medium=listing
Oppo OPPO A31,33000 DA Fixe,https://www.ouedkniss.com/oppo-a31-alger-bab-ezzouar-algerie-téléphones-d24333340?utm_medium=listing
SAMSUNG GALAXY BUDS  Live AKG Earbuds,31000 DA Fixe,https://www.ouedkniss.com/samsung-galaxy-buds-live-akg-earbuds-alger-el-biar-algerie-téléphones-d23870305?utm_medium=listing
Xiaomi Redmi 8A,23500 DA Fixe,https://www.ouedkniss.com/xiaomi-redmi-8a-alger-el-harrach-algerie-téléphones-d24333308?utm_medium=listing
SAMSUNG GALAXY S20 ULTRA 5G / DUOS / 12GB RAM,177000 DA Fixe,https://www.ouedkniss.com/samsung-galaxy-s20-ultra-5g-duos-12gb-ram-alger-el-biar-algerie-téléphones-d23496950?utm_medium=listing
Huawei Y7 praim 2019,280 DA Négociable,https://www.ouedkniss.com/huawei-y7-praim-2019-alger-les-eucalyptus-algerie-téléphones-d24333302?utm_medium=listing
SAMSUNG GALAXY S20 PLUS 8GB RAM / S20plus S20 +,137000 DA Fixe,https://www.ouedkniss.com/samsung-galaxy-s20-plus-8gb-ram-s20plus-alger-el-biar-algerie-téléphones-d23464548?utm_medium=listing
Samsung Galaxy S20+,142900 DA Négociable,https://www.ouedkniss.com/samsung-galaxy-s20-tizi-ouzou-algerie-téléphones-d24199764?utm_medium=listing
Oppo A12,31000 DA Fixe,https://www.ouedkniss.com/oppo-a12-alger-cheraga-algerie-téléphones-d24290827?utm_medium=listing
Huawei Y9s,None,https://www.ouedkniss.com/huawei-y9s-alger-birtouta-algerie-téléphones-d24333231?utm_medium=listing
Xiaomi Redmi 9,36300 DA Fixe,https://www.ouedkniss.com/xiaomi-redmi-9-alger-bab-el-oued-algerie-téléphones-d23617083?utm_medium=listing
Samsung Redmi note 7 pro,None,https://www.ouedkniss.com/samsung-redmi-note-7-pro-alger-centre-algerie-téléphones-d24333227?utm_medium=listing
Oppo A31,34900 DA Fixe,https://www.ouedkniss.com/oppo-a31-alger-bouzareah-algerie-téléphones-d24121752?utm_medium=listing
Nokia C1,1 DA Négociable,https://www.ouedkniss.com/nokia-c1-alger-bouzareah-algerie-téléphones-d24235641?utm_medium=listing
DOOGEE S40,23800 DA Fixe,https://www.ouedkniss.com/doogee-s40-alger-dely-brahim-algerie-téléphones-d22691633?utm_medium=listing
Huawei Y6,12000 DA Offert,https://www.ouedkniss.com/huawei-y6-alger-reghaia-algerie-téléphones-d24305515?utm_medium=listing
Xiaomi Redmi 8a dual,27500 DA Fixe,https://www.ouedkniss.com/xiaomi-redmi-8a-dual-alger-bab-el-oued-algerie-téléphones-d20825491?utm_medium=listing
CROSSCALL  TREKKER-X4,45 DA Fixe,https://www.ouedkniss.com/crosscall-trekker-x4-alger-centre-algerie-téléphones-d24333136?utm_medium=listing
Samsung A11 32/3,31300 DA Offert,https://www.ouedkniss.com/samsung-a11-32-3-alger-bab-el-oued-algerie-téléphones-d23341706?utm_medium=listing
Apple iPhone 11 (128) duos,138000 DA Fixe,https://www.ouedkniss.com/apple-iphone-11-128-duos-alger-kouba-algerie-téléphones-d24333118?utm_medium=listing
Samsung Galaxy M30s,49500 DA Fixe,https://www.ouedkniss.com/samsung-galaxy-m30s-alger-bab-el-oued-algerie-téléphones-d19045862?utm_medium=listing
Samsung S9 plus,None,https://www.ouedkniss.com/samsung-s9-plus-tizi-ouzou-azazga-algerie-téléphones-d24333087?utm_medium=listing
SAMSUNG GALAXY S9 PLUS 128GB S9+ 12 mois grnt,93500 DA Fixe,https://www.ouedkniss.com/samsung-galaxy-s9-plus-128gb-12-mois-grnt-alger-dely-brahim-algerie-téléphones-d23409198?utm_medium=listing
Xiaomi Redmi Note 7,30000 DA Fixe,https://www.ouedkniss.com/xiaomi-redmi-note-7-alger-kouba-algerie-téléphones-d24314757?utm_medium=listing
Samsung A10s,29500 DA Fixe,https://www.ouedkniss.com/samsung-a10s-alger-bab-el-oued-algerie-téléphones-d20516874?utm_medium=listing
Apple Iphone 11 Duos,245000 DA Fixe,https://www.ouedkniss.com/apple-iphone-11-duos-alger-bab-ezzouar-algerie-téléphones-d24333081?utm_medium=listing
REDMI BLACK CHARK 3  /5G/ 8 GB RAM,125000 DA Fixe,https://www.ouedkniss.com/redmi-black-chark-3-5g-8-gb-ram-alger-dely-brahim-algerie-téléphones-d24312030?utm_medium=listing
Samsung S8 Plus,52000 DA Négociable,https://www.ouedkniss.com/samsung-s8-plus-alger-ain-benian-algerie-téléphones-d24333080?utm_medium=listing
Huawei mate 30 pro 5G OR DUOS/256GB 8GB RAM,153000 DA Fixe,https://www.ouedkniss.com/huawei-mate-30-pro-5g-or-duos-256gb-8gb-ram-alger-chevalley-algerie-téléphones-d22115040?utm_medium=listing
Apple iPhone 8 Plus,82000 DA Négociable,https://www.ouedkniss.com/apple-iphone-8-plus-ouargla-hassi-messaoud-algerie-téléphones-d24333020?utm_medium=listing
One plus 8 Pro 12GB RAM 256 GB DUOS,169000 DA Fixe,https://www.ouedkniss.com/one-plus-8-pro-12gb-ram-256-gb-duos-alger-dely-brahim-algerie-téléphones-d24245152?utm_medium=listing
Oppo F7,27000 DA Négociable,https://www.ouedkniss.com/oppo-f7-alger-centre-algerie-téléphones-d24332990?utm_medium=listing
Samsung S10 plus 128gb DUOS,119000 DA Fixe,https://www.ouedkniss.com/samsung-s10-plus-128gb-duos-alger-chevalley-algerie-téléphones-d18713266?utm_medium=listing
apple iphone 11 Pro Max,245000 DA Fixe,https://www.ouedkniss.com/apple-iphone-11-pro-max-alger-bab-ezzouar-algerie-téléphones-d24332981?utm_medium=listing
Xiaomi Redmi note 9 pro,58000 DA Fixe,https://www.ouedkniss.com/xiaomi-redmi-note-9-pro-alger-bab-el-oued-algerie-téléphones-d23419790?utm_medium=listing
Oppo F7,27000 DA Négociable,https://www.ouedkniss.com/oppo-f7-alger-centre-algerie-téléphones-d24332962?utm_medium=listing
MI NOTE10 LITE NOTE 10  8GB RAM 5230 mAH,73500 DA Fixe,https://www.ouedkniss.com/mi-note10-lite-note-10-8gb-ram-5230-mah-alger-dely-brahim-algerie-téléphones-d23946109?utm_medium=listing
Samsung Galaxy A21s,None,https://www.ouedkniss.com/samsung-galaxy-a21s-alger-cheraga-algerie-téléphones-d24332913?utm_medium=listing
Xiaomi Mi Note 10 Pro,95000 DA Négociable,https://www.ouedkniss.com/xiaomi-mi-note-10-pro-blida-algerie-téléphones-d24332825?utm_medium=listing
Samsung J6+,20000 DA Offert,https://www.ouedkniss.com/samsung-j6-alger-douera-algerie-téléphones-d24332785?utm_medium=listing
Oppo A 31,330 DA Négociable,https://www.ouedkniss.com/oppo-a-31-alger-les-eucalyptus-algerie-téléphones-d24332675?utm_medium=listing
Redmi Note 8,33 DA Fixe,https://www.ouedkniss.com/redmi-note-8-blida-bouinan-algerie-téléphones-d24332653?utm_medium=listing
Condor Tra 901 g,2000 DA Fixe,https://www.ouedkniss.com/condor-tra-901-g-alger-kouba-algerie-téléphones-d24332637?utm_medium=listing
Samsung A51,55000 DA Négociable,https://www.ouedkniss.com/samsung-a51-alger-hussein-dey-algerie-téléphones-d24332625?utm_medium=listing
apple Iphone 11 Pro Max Duos,290000 DA Offert,https://www.ouedkniss.com/apple-iphone-11-pro-max-duos-alger-bordj-el-kiffan-algerie-téléphones-d23968338?utm_medium=listing
Legend Legend Kids pad 4,9000 DA Fixe,https://www.ouedkniss.com/legend-kids-pad-4-alger-bordj-el-bahri-algerie-téléphones-d24235169?utm_medium=listing
Oppo F9,35 DA Négociable,https://www.ouedkniss.com/oppo-f9-oran-algerie-téléphones-d24332555?utm_medium=listing
Redmi Note8pro,None,https://www.ouedkniss.com/redmi-note8pro-djelfa-ain-oussara-algerie-téléphones-d24332490?utm_medium=listing
Xiaomi Xiaomi Redmi 9,34 DA Fixe,https://www.ouedkniss.com/xiaomi-redmi-9-oran-algerie-téléphones-d23936949?utm_medium=listing
Apple Iphone 11,149000 DA Négociable,https://www.ouedkniss.com/apple-iphone-11-alger-cheraga-algerie-téléphones-d24226209?utm_medium=listing
Samsung Galaxie M30,45000 DA Négociable,https://www.ouedkniss.com/samsung-galaxie-m30-alger-centre-algerie-téléphones-d24317339?utm_medium=listing
Samsung M 20,None,https://www.ouedkniss.com/samsung-m-20-alger-les-eucalyptus-algerie-téléphones-d24332332?utm_medium=listing
nom,prix,lien
Samsung Galaxy Watch Active2 44mm active 2,43990 DA Fixe,https://www.ouedkniss.com/samsung-galaxy-watch-active2-44mm-active-2-alger-dely-brahim-algerie-téléphones-d23626783?utm_medium=listing
Oppo Oppo f11 pro,45000 DA Fixe,https://www.ouedkniss.com/oppo-f11-pro-alger-bordj-el-kiffan-algerie-téléphones-d24332294?utm_medium=listing
SAMSUNG GALAXY S20 PLUS S20plus s20+ / 128GB,137000 DA Fixe,https://www.ouedkniss.com/samsung-galaxy-s20-plus-s20plus-128gb-alger-dely-brahim-algerie-téléphones-d23498161?utm_medium=listing
Samsung Samsung galaxy a20e,3000 DA Négociable,https://www.ouedkniss.com/samsung-galaxy-a20e-bordj-bou-arreridj-algerie-téléphones-d23394654?utm_medium=listing
Apple Iphone 11 duos 128 GB,155000 DA Fixe,https://www.ouedkniss.com/apple-iphone-11-duos-128-gb-alger-dely-brahim-algerie-téléphones-d23879395?utm_medium=listing
Samsung Galaxy M20,27500 DA Négociable,https://www.ouedkniss.com/samsung-galaxy-m20-tipaza-hadjout-algerie-téléphones-d24192072?utm_medium=listing
Xiaomi Redmi Note 9,44000 DA Fixe,https://www.ouedkniss.com/xiaomi-redmi-note-9-alger-centre-algerie-téléphones-d24208994?utm_medium=listing
Xiaomi REDMI 9C -CHINE-,33000 DA Fixe,https://www.ouedkniss.com/xiaomi-redmi-9c-chine-alger-baraki-algerie-téléphones-d24332221?utm_medium=listing
Samsung Galaxy A21s,42300 DA Fixe,https://www.ouedkniss.com/samsung-galaxy-a21s-alger-centre-algerie-téléphones-d23424119?utm_medium=listing
Xiaomi Redmi Note 9 Pro,53000 DA Négociable,https://www.ouedkniss.com/xiaomi-redmi-note-9-pro-annaba-algerie-téléphones-d24332181?utm_medium=listing
Apple iPhone 11 64 GB  iphone11 duos,145000 DA Fixe,https://www.ouedkniss.com/apple-iphone-11-64-gb-iphone11-duos-alger-dely-brahim-algerie-téléphones-d23626055?utm_medium=listing
Apple Iphone 7 Rose Gold,35000 DA Négociable,https://www.ouedkniss.com/apple-iphone-7-rose-gold-alger-centre-algerie-téléphones-d24326703?utm_medium=listing
SAMSUNG GALAXY S10 PLUS 128GB / 8GB RAM,119900 DA Fixe,https://www.ouedkniss.com/samsung-galaxy-s10-plus-128gb-8gb-ram-alger-el-biar-algerie-téléphones-d23420173?utm_medium=listing
Samsung Galaxy M30s,49000 DA Fixe,https://www.ouedkniss.com/samsung-galaxy-m30s-tizi-ouzou-algerie-téléphones-d24274092?utm_medium=listing
Oppo Reno 3_A92_Find X2 A31 (64GO+128)_A1K_A5s,62000 DA Fixe,https://www.ouedkniss.com/oppo-reno-3-a92-find-x2-a31-64go-128-a1k-a5s-blida-soumaa-algerie-téléphones-d23326847?utm_medium=listing
Condor P8 lite,8000 DA Négociable,https://www.ouedkniss.com/condor-p8-lite-alger-birtouta-algerie-téléphones-d24332083?utm_medium=listing
Samsung Galaxy Tab A 8.0 (2019),32500 DA Fixe,https://www.ouedkniss.com/samsung-galaxy-tab-a-8-0-2019-blida-soumaa-alger-douera-algerie-téléphones-d21518101?utm_medium=listing
Apple Iphone11 pro max,1 DA Négociable,https://www.ouedkniss.com/apple-iphone11-pro-max-tlemcen-maghnia-algerie-téléphones-d24320166?utm_medium=listing
Ace Buzz2 Plus,19500 DA Fixe,https://www.ouedkniss.com/ace-buzz2-plus-blida-soumaa-alger-douera-algerie-téléphones-d23421022?utm_medium=listing
Oppo A31,None,https://www.ouedkniss.com/oppo-a31-alger-centre-algerie-téléphones-d24332047?utm_medium=listing
Iphone 11 Pro Max 64GB  11ProMax 11 pro,219000 DA Fixe,https://www.ouedkniss.com/iphone-11-pro-max-64gb-11promax-alger-el-biar-algerie-téléphones-d24014174?utm_medium=listing
Oppo A7,34 DA Négociable,https://www.ouedkniss.com/oppo-a7-tipaza-algerie-téléphones-d23566455?utm_medium=listing
Apple iPhone 11 64GB  Duos iphone11,139000 DA Fixe,https://www.ouedkniss.com/apple-iphone-11-64gb-duos-iphone11-alger-el-biar-algerie-téléphones-d23968684?utm_medium=listing
Xiaomi Redmi 7A,22.5 DA Fixe,https://www.ouedkniss.com/xiaomi-redmi-7a-constantine-el-khroub-algerie-téléphones-d24059736?utm_medium=listing
iphone 11 pro Max 256GB  11pro 11 MAX,237000 DA Fixe,https://www.ouedkniss.com/iphone-11-pro-max-256gb-11pro-alger-el-biar-algerie-téléphones-d23866571?utm_medium=listing
Samsung Galaxy S20 Ultra 5G,1 DA Négociable,https://www.ouedkniss.com/samsung-galaxy-s20-ultra-5g-annaba-algerie-téléphones-d24332011?utm_medium=listing
Apple iPhone 11 128gb  Duos / iphone11 pro,149000 DA Fixe,https://www.ouedkniss.com/apple-iphone-11-128gb-duos-iphone11-pro-alger-el-biar-algerie-téléphones-d23601257?utm_medium=listing
Oppo A3s,23000 DA Fixe,https://www.ouedkniss.com/oppo-a3s-alger-birtouta-algerie-téléphones-d24331992?utm_medium=listing
SAMSUNG GALAXY M11  32GB / DUOS,32990 DA Fixe,https://www.ouedkniss.com/samsung-galaxy-m11-32gb-duos-alger-el-biar-algerie-téléphones-d23497004?utm_medium=listing
Samsung Galaxy S10e,62000 DA Négociable,https://www.ouedkniss.com/samsung-galaxy-s10e-mila-algerie-téléphones-d24283751?utm_medium=listing
iphone 11 Pro Max  256GB / Duos,248000 DA Fixe,https://www.ouedkniss.com/iphone-11-pro-max-256gb-duos-alger-el-biar-algerie-téléphones-d23464612?utm_medium=listing
Xiaomi Redmi Note 9,40000 DA Négociable,https://www.ouedkniss.com/xiaomi-redmi-note-9-alger-baraki-algerie-téléphones-d24312805?utm_medium=listing
OPPO F11 PRO 128GB  6GB RAM,53990 DA Fixe,https://www.ouedkniss.com/oppo-f11-pro-128gb-6gb-ram-alger-el-biar-algerie-téléphones-d23335972?utm_medium=listing
Samsung A9 2018,44 DA Négociable,https://www.ouedkniss.com/samsung-a9-2018-alger-baba-hassen-algerie-téléphones-d24322677?utm_medium=listing
SAMSUNG GALAXY A11 2020 / 32GB / 3GB RAM,31000 DA Fixe,https://www.ouedkniss.com/samsung-galaxy-a11-2020-32gb-3gb-ram-alger-el-biar-algerie-téléphones-d23335548?utm_medium=listing
Samsung Galaxy A01,24500 DA Fixe,https://www.ouedkniss.com/samsung-galaxy-a01-alger-bir-mourad-rais-algerie-téléphones-d24331706?utm_medium=listing
Samsung Galaxy S20+ 5G,144000 DA Fixe,https://www.ouedkniss.com/samsung-galaxy-s20-5g-blida-ouled-yaich-algerie-téléphones-d24251034?utm_medium=listing
Xiaomi Poco X3 nfc,64000 DA Fixe,https://www.ouedkniss.com/xiaomi-poco-x3-nfc-alger-reghaia-algerie-téléphones-d24331699?utm_medium=listing
Huawei Mate 30 Pro 5G,155000 DA Fixe,https://www.ouedkniss.com/huawei-mate-30-pro-5g-blida-ouled-yaich-algerie-téléphones-d24303174?utm_medium=listing
Huawei Honor 7C,17500 DA Fixe,https://www.ouedkniss.com/huawei-honor-7c-alger-centre-algerie-téléphones-d24331660?utm_medium=listing
apple iphone 11 Pro Max,248000 DA Fixe,https://www.ouedkniss.com/apple-iphone-11-pro-max-alger-hussein-dey-algerie-téléphones-d23597533?utm_medium=listing
Samsung Galaxy A10s,21500 DA Fixe,https://www.ouedkniss.com/samsung-galaxy-a10s-alger-centre-algerie-téléphones-d24331647?utm_medium=listing
c idea tablette 10 ",17500 DA Fixe,https://www.ouedkniss.com/c-idea-tablette-10-alger-ain-naadja-algerie-téléphones-d19203370?utm_medium=listing
Huawei Y8s,29500 DA Négociable,https://www.ouedkniss.com/huawei-y8s-alger-centre-algerie-téléphones-d24331642?utm_medium=listing
Huawei P20,44000 DA Négociable,https://www.ouedkniss.com/huawei-p20-alger-bab-ezzouar-algerie-téléphones-d11998687?utm_medium=listing
Condor plume p8 lite,22000 DA Négociable,https://www.ouedkniss.com/condor-plume-p8-lite-relizane-algerie-téléphones-d23239900?utm_medium=listing
Samsung Galaxy A6 (2018),19500 DA Fixe,https://www.ouedkniss.com/samsung-galaxy-a6-2018-alger-centre-algerie-téléphones-d24331628?utm_medium=listing
Huawei P40 Pro,1 DA Négociable,https://www.ouedkniss.com/huawei-p40-pro-constantine-algerie-téléphones-d24312482?utm_medium=listing
Apple iPad 4 Wi-Fi,26000 DA Négociable,https://www.ouedkniss.com/apple-ipad-4-wi-fi-ouargla-hassi-messaoud-algerie-téléphones-d24331578?utm_medium=listing
Honor 9X,42000 DA Négociable,https://www.ouedkniss.com/honor-9x-boumerdes-algerie-téléphones-d24331537?utm_medium=listing
apple iphone 11 Pro Max,123 DA Négociable,https://www.ouedkniss.com/apple-iphone-11-pro-max-alger-bab-ezzouar-algerie-téléphones-d24281563?utm_medium=listing
Condor Allure X,35000 DA Négociable,https://www.ouedkniss.com/condor-allure-x-alger-bordj-el-kiffan-algerie-téléphones-d24331501?utm_medium=listing
Samsung Galaxy note 8,None,https://www.ouedkniss.com/samsung-galaxy-note-8-ouargla-algerie-téléphones-d23958705?utm_medium=listing
Apple iPhone 6s,None,https://www.ouedkniss.com/apple-iphone-6s-alger-bouzareah-algerie-téléphones-d24157958?utm_medium=listing
Samsung Galaxy S9+,45000 DA Négociable,https://www.ouedkniss.com/samsung-galaxy-s9-alger-draria-algerie-téléphones-d24312925?utm_medium=listing
Samsung Samsung j2 cor,11 DA Négociable,https://www.ouedkniss.com/samsung-j2-cor-blida-algerie-téléphones-d24331456?utm_medium=listing
Xiaomi Not 10,None,https://www.ouedkniss.com/xiaomi-not-10-alger-baraki-algerie-téléphones-d24331454?utm_medium=listing
Apple iPhone 7,35 DA Fixe,https://www.ouedkniss.com/apple-iphone-7-alger-belouizdad-algerie-téléphones-d24320663?utm_medium=listing
Samsung J6+,23000 DA Fixe,https://www.ouedkniss.com/samsung-j6-tlemcen-algerie-téléphones-d24238085?utm_medium=listing
Samsung Galaxy A11,1 DA Négociable,https://www.ouedkniss.com/samsung-galaxy-a11-alger-ain-naadja-algerie-téléphones-d24331439?utm_medium=listing
nom,prix,lien
Oppo Reno3,62900 DA Fixe,https://www.ouedkniss.com/oppo-reno3-alger-kouba-algerie-téléphones-d24038490?utm_medium=listing
c idea CM477,10500 DA Fixe,https://www.ouedkniss.com/c-idea-cm477-alger-draria-algerie-téléphones-d24261976?utm_medium=listing
Huawei P30 Pro,129000 DA Fixe,https://www.ouedkniss.com/huawei-p30-pro-alger-kouba-algerie-téléphones-d23621077?utm_medium=listing
Samsung Galaxy Grand Prime,20000 DA Négociable,https://www.ouedkniss.com/samsung-galaxy-grand-prime-alger-reghaia-algerie-téléphones-d24330249?utm_medium=listing
Apple IPhone 7 Plus,67000 DA Fixe,https://www.ouedkniss.com/apple-iphone-7-plus-alger-draria-algerie-téléphones-d24091010?utm_medium=listing
Honor 8C,32500 DA Fixe,https://www.ouedkniss.com/honor-8c-blida-soumaa-algerie-téléphones-d24317609?utm_medium=listing
Apple iPhone SE (2020),105000 DA Fixe,https://www.ouedkniss.com/apple-iphone-se-2020-blida-algerie-téléphones-d18932232?utm_medium=listing
Panasonic Original,8500 DA Fixe,https://www.ouedkniss.com/panasonic-original-alger-ouled-fayet-algerie-téléphones-d19810346?utm_medium=listing
Samsung Galaxy S10+,129000 DA Fixe,https://www.ouedkniss.com/samsung-galaxy-s10-blida-algerie-téléphones-d18877424?utm_medium=listing
Cat S60 tres solide,45000 DA Fixe,https://www.ouedkniss.com/cat-s60-tres-solide-ouargla-hassi-messaoud-algerie-téléphones-d24126273?utm_medium=listing
LG  K40,25900 DA Fixe,https://www.ouedkniss.com/lg-k40-blida-algerie-téléphones-d18393250?utm_medium=listing
Samsung Galaxy M30s,1 DA Négociable,https://www.ouedkniss.com/samsung-galaxy-m30s-alger-cheraga-dely-brahim-ouled-fayet-algerie-téléphones-d24325891?utm_medium=listing
Apple Iphone 11 Pro,229000 DA Fixe,https://www.ouedkniss.com/apple-iphone-11-pro-blida-algerie-téléphones-d18367431?utm_medium=listing
Xiaomi Redmi Note 9 Pro,58500 DA Fixe,https://www.ouedkniss.com/xiaomi-redmi-note-9-pro-alger-birkhadem-algerie-téléphones-d24323189?utm_medium=listing
Samsung A7 2018,46900 DA Fixe,https://www.ouedkniss.com/samsung-a7-2018-blida-algerie-téléphones-d18071428?utm_medium=listing
Realme X50 Pro 5G,97000 DA Fixe,https://www.ouedkniss.com/realme-x50-pro-5g-bechar-algerie-téléphones-d24216227?utm_medium=listing
Oppo A12,29900 DA Fixe,https://www.ouedkniss.com/oppo-a12-blida-algerie-téléphones-d17505799?utm_medium=listing
Oppo Reno4 5G,79900 DA Négociable,https://www.ouedkniss.com/oppo-reno4-5g-tizi-ouzou-algerie-téléphones-d24115741?utm_medium=listing
Samsung Galaxy M11,35900 DA Fixe,https://www.ouedkniss.com/samsung-galaxy-m11-blida-algerie-téléphones-d17388699?utm_medium=listing
Samsung Galaxy S10,73.5 DA Offert,https://www.ouedkniss.com/samsung-galaxy-s10-tissemsilt-algerie-téléphones-d24317266?utm_medium=listing
Apple iPhone XR,135000 DA Fixe,https://www.ouedkniss.com/apple-iphone-xr-blida-algerie-téléphones-d17364788?utm_medium=listing
TECNO Pop 4,20 DA Négociable,https://www.ouedkniss.com/tecno-pop-4-tipaza-ahmar-el-ain-algerie-téléphones-d24331271?utm_medium=listing
Samsung Galaxy J6+,32900 DA Fixe,https://www.ouedkniss.com/samsung-galaxy-j6-blida-algerie-téléphones-d17323460?utm_medium=listing
Xiaomi Redmi Note 9,41000 DA Offert,https://www.ouedkniss.com/xiaomi-redmi-note-9-alger-centre-algerie-téléphones-d24331267?utm_medium=listing
Samsung galaxy J4 + 32GB,31900 DA Fixe,https://www.ouedkniss.com/samsung-galaxy-j4-32gb-blida-algerie-téléphones-d17323412?utm_medium=listing
Samsung Galaxy S6,16500 DA Négociable,https://www.ouedkniss.com/samsung-galaxy-s6-alger-cheraga-algerie-téléphones-d24294036?utm_medium=listing
Apple Iphone 11 Duos,159000 DA Fixe,https://www.ouedkniss.com/apple-iphone-11-duos-blida-algerie-téléphones-d17210082?utm_medium=listing
Apple iPhone xs iCloud,None,https://www.ouedkniss.com/apple-iphone-xs-icloud-alger-el-harrach-algerie-téléphones-d23822451?utm_medium=listing
Samsung Galaxy S20,149000 DA Fixe,https://www.ouedkniss.com/samsung-galaxy-s20-blida-algerie-téléphones-d17072016?utm_medium=listing
Samsung A30,37 DA Négociable,https://www.ouedkniss.com/samsung-a30-alger-bordj-el-kiffan-algerie-téléphones-d23969762?utm_medium=listing
Oppo A31,34900 DA Fixe,https://www.ouedkniss.com/oppo-a31-blida-algerie-téléphones-d16443044?utm_medium=listing
Apple iPhone XR iCloud,21000 DA Négociable,https://www.ouedkniss.com/apple-iphone-xr-icloud-alger-el-harrach-algerie-téléphones-d24135355?utm_medium=listing
Samsung Galaxy A11,33900 DA Fixe,https://www.ouedkniss.com/samsung-galaxy-a11-blida-algerie-téléphones-d16377758?utm_medium=listing
Huawei  HONOR 3C LITE 16 g,7500 DA Négociable,https://www.ouedkniss.com/huawei-honor-3c-lite-16-g-alger-draria-algerie-téléphones-d22911291?utm_medium=listing
Samsung Galaxy A21s,45900 DA Fixe,https://www.ouedkniss.com/samsung-galaxy-a21s-blida-algerie-téléphones-d16204302?utm_medium=listing
Apple Iphone 11,1 DA Négociable,https://www.ouedkniss.com/apple-iphone-11-alger-douera-algerie-téléphones-d24331213?utm_medium=listing
Samsung Galaxy S20+,159000 DA Fixe,https://www.ouedkniss.com/samsung-galaxy-s20-blida-algerie-téléphones-d16204144?utm_medium=listing
Sony Xperia Z5,18000 DA Négociable,https://www.ouedkniss.com/sony-xperia-z5-alger-bordj-el-bahri-algerie-téléphones-d22352106?utm_medium=listing
Samsung Galaxy S9+ 128GB,94900 DA Fixe,https://www.ouedkniss.com/samsung-galaxy-s9-128gb-blida-algerie-téléphones-d15832705?utm_medium=listing
Honor View 20,55000 DA Négociable,https://www.ouedkniss.com/honor-view-20-alger-douera-algerie-téléphones-d23736293?utm_medium=listing
LG Q6,23900 DA Fixe,https://www.ouedkniss.com/lg-q6-blida-algerie-téléphones-d15573720?utm_medium=listing
Xiaomi Redmi Note 9 Pro,59900 DA Fixe,https://www.ouedkniss.com/xiaomi-redmi-note-9-pro-alger-el-biar-algerie-téléphones-d24223166?utm_medium=listing
Samsung Galaxy Grand Prime Plus,21900 DA Fixe,https://www.ouedkniss.com/samsung-galaxy-grand-prime-plus-blida-algerie-téléphones-d14140694?utm_medium=listing
Samsung Galaxy A6,30000 DA Négociable,https://www.ouedkniss.com/samsung-galaxy-a6-oum-el-bouaghi-ain-beida-algerie-téléphones-d24254662?utm_medium=listing
Xiaomi Redmi Note 9 Pro,58900 DA Fixe,https://www.ouedkniss.com/xiaomi-redmi-note-9-pro-alger-bouzareah-centre-algerie-téléphones-d23658177?utm_medium=listing
Condor Tgw801g,15000 DA Négociable,https://www.ouedkniss.com/condor-tgw801g-alger-centre-algerie-téléphones-d24286417?utm_medium=listing
Realme 5 Pro,5 DA Négociable,https://www.ouedkniss.com/realme-5-pro-ain-defla-algerie-téléphones-d24319093?utm_medium=listing
Xiaomi Mi A2 Lite (Redmi 6 Pro),25000 DA Négociable,https://www.ouedkniss.com/xiaomi-mi-a2-lite-redmi-6-pro-oran-ben-freha-algerie-téléphones-d24309391?utm_medium=listing
Apple iPhone 7 256gb  by-pass,None,https://www.ouedkniss.com/apple-iphone-7-256gb-by-pass-setif-algerie-téléphones-d23544784?utm_medium=listing
Xiaomi Note 8,None,https://www.ouedkniss.com/xiaomi-note-8-alger-birkhadem-algerie-téléphones-d24152158?utm_medium=listing
Condor Plume L3 plus,15000 DA Offert,https://www.ouedkniss.com/condor-plume-l3-plus-alger-saoula-algerie-téléphones-d24281552?utm_medium=listing
Samsung Galaxy S20+ 5G,128000 DA Fixe,https://www.ouedkniss.com/samsung-galaxy-s20-5g-alger-centre-algerie-téléphones-d24331099?utm_medium=listing
Samsung Galaxy A01,21 DA Négociable,https://www.ouedkniss.com/samsung-galaxy-a01-alger-hydra-algerie-téléphones-d24285777?utm_medium=listing
Apple iPhone 4s,4500 DA Négociable,https://www.ouedkniss.com/apple-iphone-4s-alger-bordj-el-bahri-algerie-téléphones-d23860624?utm_medium=listing
Samsung Galaxy S7 (USA),1 DA Négociable,https://www.ouedkniss.com/samsung-galaxy-s7-usa-alger-birtouta-algerie-téléphones-d23790757?utm_medium=listing
Samsung Galaxy S8+,10000 DA Fixe,https://www.ouedkniss.com/samsung-galaxy-s8-blida-chiffa-algerie-téléphones-d23960230?utm_medium=listing
Oppo A1k,23000 DA Fixe,https://www.ouedkniss.com/oppo-a1k-alger-hammamet-algerie-téléphones-d24164224?utm_medium=listing
Honor A7,None,https://www.ouedkniss.com/honor-a7-alger-zeralda-algerie-téléphones-d24325467?utm_medium=listing
Xiaomi Redmi Note 9 Pro,55000 DA Fixe,https://www.ouedkniss.com/xiaomi-redmi-note-9-pro-alger-bab-el-oued-algerie-téléphones-d24314505?utm_medium=listing
Rrdmi Redmi 8,25000 DA Fixe,https://www.ouedkniss.com/rrdmi-redmi-8-tipaza-douaouda-algerie-téléphones-d24318892?utm_medium=listing
nom,prix,lien
Samsung Galaxy A51 8Ram,62900 DA Fixe,https://www.ouedkniss.com/samsung-galaxy-a51-8ram-alger-bouzareah-centre-algerie-téléphones-d22035780?utm_medium=listing
Wiko Robby2,7500 DA Fixe,https://www.ouedkniss.com/wiko-robby2-alger-bouzareah-algerie-téléphones-d24331082?utm_medium=listing
ipad pro 2020 256GB  Wifi + cellular 11" 4G,275000 DA Négociable,https://www.ouedkniss.com/ipad-pro-2020-256gb-wifi-cellular-11-4g-alger-el-biar-algerie-téléphones-d24014283?utm_medium=listing
Huawei P30 Pro,98500 DA Négociable,https://www.ouedkniss.com/huawei-p30-pro-alger-hussein-dey-algerie-téléphones-d24318866?utm_medium=listing
Samsung Galaxy M51,83900 DA Fixe,https://www.ouedkniss.com/samsung-galaxy-m51-alger-bouzareah-centre-algerie-téléphones-d24302621?utm_medium=listing
Samsung Galaxy A6 (2018),26000 DA Offert,https://www.ouedkniss.com/samsung-galaxy-a6-2018-alger-sidi-mhamed-algerie-téléphones-d23935190?utm_medium=listing
Samsung Galaxy M31,56900 DA Fixe,https://www.ouedkniss.com/samsung-galaxy-m31-alger-bouzareah-centre-algerie-téléphones-d23967759?utm_medium=listing
Xiaomi Redmi Note 8,35500 DA Fixe,https://www.ouedkniss.com/xiaomi-redmi-note-8-alger-bordj-el-bahri-algerie-téléphones-d24331074?utm_medium=listing
Xiaomi Redmi Note 9S,50900 DA Fixe,https://www.ouedkniss.com/xiaomi-redmi-note-9s-alger-bouzareah-centre-algerie-téléphones-d23830781?utm_medium=listing
Oppo Reno 4,84000 DA Négociable,https://www.ouedkniss.com/oppo-reno-4-oran-bir-el-djir-algerie-téléphones-d24322086?utm_medium=listing
Xiaomi Redmi Note 9,43900 DA Fixe,https://www.ouedkniss.com/xiaomi-redmi-note-9-alger-bouzareah-centre-algerie-téléphones-d23658105?utm_medium=listing
Xiaomi Redmi Note 9S,58000 DA Fixe,https://www.ouedkniss.com/xiaomi-redmi-note-9s-alger-bordj-el-kiffan-algerie-téléphones-d23535415?utm_medium=listing
Apple Iphone XR ICLOUD LOST,22500 DA Fixe,https://www.ouedkniss.com/apple-iphone-xr-icloud-lost-alger-kouba-algerie-téléphones-d21201888?utm_medium=listing
Apple IPAD 5TH GENERATION,54000 DA Négociable,https://www.ouedkniss.com/apple-ipad-5th-generation-alger-birtouta-algerie-téléphones-d24316695?utm_medium=listing
Apple Iphone 11 pro max icloud,87000 DA Fixe,https://www.ouedkniss.com/apple-iphone-11-pro-max-icloud-alger-kouba-algerie-téléphones-d21215783?utm_medium=listing
Apple iPhone 7,35000 DA Fixe,https://www.ouedkniss.com/apple-iphone-7-alger-kouba-algerie-téléphones-d24296607?utm_medium=listing
Apple Iphone 11 icloud,39500 DA Fixe,https://www.ouedkniss.com/apple-iphone-11-icloud-alger-kouba-algerie-téléphones-d23511318?utm_medium=listing
BlackBerry Priv,260000 DA Négociable,https://www.ouedkniss.com/blackberry-priv-mila-algerie-téléphones-d24300218?utm_medium=listing
apple Iphone 11 pro max 512 gb,225000 DA Fixe,https://www.ouedkniss.com/apple-iphone-11-pro-max-512-gb-alger-kouba-algerie-téléphones-d23638099?utm_medium=listing
Xiaomi Redmi Note 8,40 DA Fixe,https://www.ouedkniss.com/xiaomi-redmi-note-8-alger-baraki-algerie-téléphones-d24303927?utm_medium=listing
Huawei Mate 30 Pro 5G Orange,155000 DA Négociable,https://www.ouedkniss.com/huawei-mate-30-pro-5g-orange-alger-bab-ezzouar-algerie-téléphones-d17980062?utm_medium=listing
Samsung Galaxy S6,27000 DA Fixe,https://www.ouedkniss.com/samsung-galaxy-s6-alger-bordj-el-bahri-algerie-téléphones-d22352170?utm_medium=listing
Xiaomi Redmi Note 9 Pro,55900 DA Fixe,https://www.ouedkniss.com/xiaomi-redmi-note-9-pro-alger-el-achour-algerie-téléphones-d24333633?utm_medium=listing
Nokia 6021,4000 DA Fixe,https://www.ouedkniss.com/nokia-6021-alger-bouzareah-algerie-téléphones-d22301736?utm_medium=listing
Honor 8C,31900 DA Fixe,https://www.ouedkniss.com/honor-8c-alger-centre-algerie-téléphones-d24333592?utm_medium=listing
Motorola Moto G6,28000 DA Négociable,https://www.ouedkniss.com/motorola-moto-g6-alger-el-harrach-algerie-téléphones-d23577619?utm_medium=listing
Apple IPhone xs max,143000 DA Fixe,https://www.ouedkniss.com/apple-iphone-xs-max-alger-draria-algerie-téléphones-d24299955?utm_medium=listing
Samsung j5 pro,14000 DA Fixe,https://www.ouedkniss.com/samsung-j5-pro-ain-temouchent-beni-saf-algerie-téléphones-d24331036?utm_medium=listing
Apple iPhone 11 128Go Duos,149000 DA Fixe,https://www.ouedkniss.com/apple-iphone-11-128go-duos-alger-centre-algerie-téléphones-d24276696?utm_medium=listing
Samsung Galaxy A31,48500 DA Offert,https://www.ouedkniss.com/samsung-galaxy-a31-alger-bouzareah-algerie-téléphones-d24205646?utm_medium=listing
Huawei Mate 30 Pro 5G 256Go,145000 DA Fixe,https://www.ouedkniss.com/huawei-mate-30-pro-5g-256go-alger-centre-algerie-téléphones-d24276669?utm_medium=listing
Huawei Y7 Prime (2019),32000 DA Négociable,https://www.ouedkniss.com/huawei-y7-prime-2019-alger-ben-aknoun-algerie-téléphones-d24321645?utm_medium=listing
Samsung Galaxy Note 20 5G Duos,170000 DA Fixe,https://www.ouedkniss.com/samsung-galaxy-note-20-5g-duos-alger-centre-algerie-téléphones-d23987209?utm_medium=listing
IPhone 11  IPhone 11 128gb,1480000 DA Négociable,https://www.ouedkniss.com/iphone-11-128gb-alger-staoueli-algerie-téléphones-d24331010?utm_medium=listing
Apple IPhone 11 pro max,239000 DA Fixe,https://www.ouedkniss.com/apple-iphone-11-pro-max-alger-draria-algerie-téléphones-d24047708?utm_medium=listing
Samsung Galaxy S20+,138000 DA Fixe,https://www.ouedkniss.com/samsung-galaxy-s20-alger-dar-el-beida-algerie-téléphones-d24331008?utm_medium=listing
Apple IPhone XR,117000 DA Négociable,https://www.ouedkniss.com/apple-iphone-xr-alger-draria-algerie-téléphones-d24299934?utm_medium=listing
BlackBerry Curve 9320,5000 DA Négociable,https://www.ouedkniss.com/blackberry-curve-9320-alger-bouzareah-algerie-téléphones-d22301706?utm_medium=listing
Apple iPhone X,105000 DA Fixe,https://www.ouedkniss.com/apple-iphone-x-alger-draria-algerie-téléphones-d24314989?utm_medium=listing
Realme X50 5G,54500 DA Fixe,https://www.ouedkniss.com/realme-x50-5g-alger-centre-algerie-téléphones-d24324130?utm_medium=listing
Apple IPhone 11,136000 DA Fixe,https://www.ouedkniss.com/apple-iphone-11-alger-draria-algerie-téléphones-d24330366?utm_medium=listing
apple iphone 11 Pro Max,243000 DA Fixe,https://www.ouedkniss.com/apple-iphone-11-pro-max-alger-dar-el-beida-algerie-téléphones-d24331004?utm_medium=listing
Oppo A12,29000 DA Fixe,https://www.ouedkniss.com/oppo-a12-alger-el-achour-algerie-téléphones-d24302501?utm_medium=listing
Apple Iphone XS,10200 DA Fixe,https://www.ouedkniss.com/apple-iphone-xs-tipaza-algerie-téléphones-d24268948?utm_medium=listing
Samsung Galaxy A21s,42900 DA Fixe,https://www.ouedkniss.com/samsung-galaxy-a21s-alger-el-achour-algerie-téléphones-d24026262?utm_medium=listing
Apple iPad Air,23 DA Négociable,https://www.ouedkniss.com/apple-ipad-air-bordj-bou-arreridj-algerie-téléphones-d23995592?utm_medium=listing
Samsung Galaxy S10e,62 DA Fixe,https://www.ouedkniss.com/samsung-galaxy-s10e-alger-birtouta-algerie-téléphones-d24330988?utm_medium=listing
Xiaomi Redmi 8,26 DA Offert,https://www.ouedkniss.com/xiaomi-redmi-8-ain-defla-khemis-miliana-algerie-téléphones-d24330976?utm_medium=listing
Oppo A12,45000 DA Négociable,https://www.ouedkniss.com/oppo-a12-boumerdes-ouled-moussa-algerie-téléphones-d24225332?utm_medium=listing
UMIGIDI A7 PRO 4g 64gb,35000 DA Fixe,https://www.ouedkniss.com/umigidi-a7-pro-4g-64gb-alger-reghaia-algerie-téléphones-d24259709?utm_medium=listing
Huawei Y7 2018,22000 DA Fixe,https://www.ouedkniss.com/huawei-y7-2018-alger-centre-algerie-téléphones-d23953679?utm_medium=listing
c idea CM422,11500 DA Offert,https://www.ouedkniss.com/c-idea-cm422-alger-draria-algerie-téléphones-d24259853?utm_medium=listing
Xiaomi Mi 9,65000 DA Négociable,https://www.ouedkniss.com/xiaomi-mi-9-ain-defla-khemis-miliana-algerie-téléphones-d24278216?utm_medium=listing
Samsung A21s,41500 DA Fixe,https://www.ouedkniss.com/samsung-a21s-setif-algerie-téléphones-d24330922?utm_medium=listing
Sony Xperia Z5,20000 DA Négociable,https://www.ouedkniss.com/sony-xperia-z5-medea-algerie-téléphones-d10928418?utm_medium=listing
Umidigi A7 pro 4/64 GB,28000 DA Négociable,https://www.ouedkniss.com/umidigi-a7-pro-4-64-gb-oran-algerie-téléphones-d24307561?utm_medium=listing
Huawei P9 lite,15 DA Fixe,https://www.ouedkniss.com/huawei-p9-lite-alger-hussein-dey-bordj-el-kiffan-algerie-téléphones-d24257270?utm_medium=listing
Oppo A12,29900 DA Fixe,https://www.ouedkniss.com/oppo-a12-blida-soumaa-algerie-téléphones-d24044147?utm_medium=listing
apple Iphone 11 Pro Max Duos,None,https://www.ouedkniss.com/apple-iphone-11-pro-max-duos-ghardaia-algerie-téléphones-d24202970?utm_medium=listing
Oppo OPPO find x 2 pro,21 DA Fixe,https://www.ouedkniss.com/oppo-find-x-2-pro-alger-dar-el-beida-algerie-téléphones-d23859770?utm_medium=listing
nom,prix,lien
Samsung Note 20 Ultra 5G Snapdragon Note20 Ultra,208000 DA Fixe,https://www.ouedkniss.com/samsung-note-20-ultra-5g-snapdragon-note20-alger-dely-brahim-algerie-téléphones-d24298244?utm_medium=listing
RIVIERA MCM58,1000 DA Négociable,https://www.ouedkniss.com/riviera-mcm58-alger-ain-naadja-algerie-téléphones-d24144345?utm_medium=listing
Samsung A11,30500 DA Fixe,https://www.ouedkniss.com/samsung-a11-alger-el-achour-algerie-téléphones-d24075048?utm_medium=listing
Samsung Note 4,12000 DA Fixe,https://www.ouedkniss.com/samsung-note-4-alger-centre-algerie-téléphones-d23403184?utm_medium=listing
Oppo Reno3,60900 DA Fixe,https://www.ouedkniss.com/oppo-reno3-alger-el-achour-algerie-téléphones-d24212055?utm_medium=listing
Oppo A31,None,https://www.ouedkniss.com/oppo-a31-tizi-ouzou-algerie-téléphones-d24187278?utm_medium=listing
Xiaomi Redmi 9C,None,https://www.ouedkniss.com/xiaomi-redmi-9c-alger-el-achour-algerie-téléphones-d24250064?utm_medium=listing
Huawei Mate 10,38 DA Offert,https://www.ouedkniss.com/huawei-mate-10-alger-reghaia-algerie-téléphones-d24330842?utm_medium=listing
Xiaomi Redmi Note 8T,40500 DA Fixe,https://www.ouedkniss.com/xiaomi-redmi-note-8t-alger-el-achour-algerie-téléphones-d21597158?utm_medium=listing
Oppo Reno 2f 8/128,54 DA Négociable,https://www.ouedkniss.com/oppo-reno-2f-8-128-oum-el-bouaghi-ain-beida-algerie-téléphones-d24330827?utm_medium=listing
Xiaomi Redmi Note 9,43500 DA Fixe,https://www.ouedkniss.com/xiaomi-redmi-note-9-alger-el-achour-algerie-téléphones-d24249597?utm_medium=listing
Huawei Mate 9 Pro,45000 DA Fixe,https://www.ouedkniss.com/huawei-mate-9-pro-blida-algerie-téléphones-d23860276?utm_medium=listing
Xiaomi redmi note 9 64GB/4GB,41500 DA Fixe,https://www.ouedkniss.com/xiaomi-redmi-note-9-64gb-4gb-alger-bab-el-oued-algerie-téléphones-d23587869?utm_medium=listing
Samsung Galaxy A7 (2018),None,https://www.ouedkniss.com/samsung-galaxy-a7-2018-alger-reghaia-algerie-téléphones-d24330780?utm_medium=listing
Xiaomi Redmi Note 9S,50500 DA Fixe,https://www.ouedkniss.com/xiaomi-redmi-note-9s-alger-bab-el-oued-algerie-téléphones-d23330271?utm_medium=listing
Panasonic Fax,33000 DA Fixe,https://www.ouedkniss.com/panasonic-fax-guelma-algerie-téléphones-d24317727?utm_medium=listing
Xiaomi Note 8 128GB 4Gb,41500 DA Fixe,https://www.ouedkniss.com/xiaomi-note-8-128gb-4gb-alger-bab-el-oued-algerie-téléphones-d20719017?utm_medium=listing
Stream H24,8000 DA Fixe,https://www.ouedkniss.com/stream-h24-alger-bachdjerrah-algerie-téléphones-d23307197?utm_medium=listing
Apple Iphone 11 Red 64GB,123000 DA Fixe,https://www.ouedkniss.com/apple-iphone-11-red-64gb-alger-kouba-algerie-téléphones-d24333498?utm_medium=listing
Apple iPhone XS Max,75000 DA Fixe,https://www.ouedkniss.com/apple-iphone-xs-max-tizi-ouzou-algerie-téléphones-d24330760?utm_medium=listing
Xiaomi Redmi Note 8 Pro,50800 DA Fixe,https://www.ouedkniss.com/xiaomi-redmi-note-8-pro-alger-bab-el-oued-algerie-téléphones-d23840773?utm_medium=listing
Samsung Galaxy A6 (2018),30000 DA Négociable,https://www.ouedkniss.com/samsung-galaxy-a6-2018-alger-bordj-el-bahri-algerie-téléphones-d24330759?utm_medium=listing
Apple Iphone 11 Pro Max 256GB,215000 DA Fixe,https://www.ouedkniss.com/apple-iphone-11-pro-max-256gb-alger-kouba-algerie-téléphones-d24272321?utm_medium=listing
Huawei Mate 20 Pro,78 DA Négociable,https://www.ouedkniss.com/huawei-mate-20-pro-blida-ouled-yaich-algerie-téléphones-d24330755?utm_medium=listing
Samsung Galaxy S10 plus 128GB,110000 DA Fixe,https://www.ouedkniss.com/samsung-galaxy-s10-plus-128gb-alger-kouba-algerie-téléphones-d24251050?utm_medium=listing
Huawei P20 Pro,56000 DA Fixe,https://www.ouedkniss.com/huawei-p20-pro-alger-staoueli-algerie-téléphones-d21949075?utm_medium=listing
Samsung Galaxy Note 20 Ultra 5G,210000 DA Fixe,https://www.ouedkniss.com/samsung-galaxy-note-20-ultra-5g-alger-kouba-algerie-téléphones-d24263512?utm_medium=listing
Apple iPhone 11 Pro Max 64 gb,None,https://www.ouedkniss.com/apple-iphone-11-pro-max-64-gb-alger-draria-algerie-téléphones-d24295406?utm_medium=listing
Black shark 3 8GB RAM 128GB shark3 5G,125000 DA Fixe,https://www.ouedkniss.com/black-shark-3-8gb-ram-128gb-shark3-5g-alger-el-biar-algerie-téléphones-d24333427?utm_medium=listing
Xiaomi Redmi Note 9 Pro,56 DA Fixe,https://www.ouedkniss.com/xiaomi-redmi-note-9-pro-setif-algerie-téléphones-d24330720?utm_medium=listing
Apple Watch Series 5 44mm Gold,86000 DA Fixe,https://www.ouedkniss.com/apple-watch-series-5-44mm-gold-alger-kouba-algerie-téléphones-d24263531?utm_medium=listing
Redmi Note 8 t,38 DA Négociable,https://www.ouedkniss.com/redmi-note-8-t-alger-baba-hassen-algerie-téléphones-d24328296?utm_medium=listing
SAMSUNG GALAXY NOTE20 Ultra 512GB Note 20,245000 DA Fixe,https://www.ouedkniss.com/samsung-galaxy-note20-ultra-512gb-note-20-alger-el-biar-algerie-téléphones-d24333320?utm_medium=listing
Xiaomi Redmi,1 DA Négociable,https://www.ouedkniss.com/xiaomi-redmi-setif-algerie-téléphones-d24330682?utm_medium=listing
Samsung Note 20 ultra 5G DUOS,206000 DA Fixe,https://www.ouedkniss.com/samsung-note-20-ultra-5g-duos-alger-chevalley-algerie-téléphones-d23951942?utm_medium=listing
Samsung Galaxy A50,40000 DA Négociable,https://www.ouedkniss.com/samsung-galaxy-a50-alger-belouizdad-algerie-téléphones-d24330675?utm_medium=listing
apple iPhone 11 Pro Max 256GB,237000 DA Fixe,https://www.ouedkniss.com/apple-iphone-11-pro-max-256gb-alger-chevalley-algerie-téléphones-d23640581?utm_medium=listing
apple Iphone 11 Pro Max Duos,270000 DA Négociable,https://www.ouedkniss.com/apple-iphone-11-pro-max-duos-chlef-algerie-téléphones-d23910393?utm_medium=listing
Apple iPhone 11 64GB DUOS,138000 DA Fixe,https://www.ouedkniss.com/apple-iphone-11-64gb-duos-alger-chevalley-algerie-téléphones-d20825402?utm_medium=listing
Oppo F9 (F9 Pro),30000 DA Fixe,https://www.ouedkniss.com/oppo-f9-pro-alger-ain-benian-algerie-téléphones-d24285064?utm_medium=listing
Galaxy note 20 ultra 5G 12 GB ram 256 GB note20,205000 DA Fixe,https://www.ouedkniss.com/galaxy-note-20-ultra-5g-12-gb-ram-256-note20-alger-dely-brahim-algerie-téléphones-d24082422?utm_medium=listing
Apple Iphone XS Max Duos,155000 DA Négociable,https://www.ouedkniss.com/apple-iphone-xs-max-duos-blida-meftah-algerie-téléphones-d24325128?utm_medium=listing
Samsung Galaxy A01,22800 DA Fixe,https://www.ouedkniss.com/samsung-galaxy-a01-alger-bab-ezzouar-algerie-téléphones-d22525793?utm_medium=listing
Samsung Galaxy A8 (2018),30000 DA Fixe,https://www.ouedkniss.com/samsung-galaxy-a8-2018-medea-berrouaghia-algerie-téléphones-d24330634?utm_medium=listing
Xiaomi Redmi Note 8,38900 DA Fixe,https://www.ouedkniss.com/xiaomi-redmi-note-8-alger-bab-ezzouar-algerie-téléphones-d22516066?utm_medium=listing
Huawei P40,1 DA Fixe,https://www.ouedkniss.com/huawei-p40-alger-centre-algerie-téléphones-d24301521?utm_medium=listing
Xiaomi poco x3,65000 DA Négociable,https://www.ouedkniss.com/xiaomi-poco-x3-alger-bab-ezzouar-algerie-téléphones-d24309419?utm_medium=listing
Oppo F9 (F9 Pro),None,https://www.ouedkniss.com/oppo-f9-pro-oran-algerie-téléphones-d24327431?utm_medium=listing
Oppo A5s,27500 DA Fixe,https://www.ouedkniss.com/oppo-a5s-alger-birtouta-algerie-téléphones-d24330599?utm_medium=listing
Samsung Galaxy J1 mini prime,10000 DA Négociable,https://www.ouedkniss.com/samsung-galaxy-j1-mini-prime-alger-bab-ezzouar-algerie-téléphones-d24320547?utm_medium=listing
Apple Apple Watch série 1 42mm,22000 DA Négociable,https://www.ouedkniss.com/apple-watch-série-1-42mm-alger-centre-algerie-téléphones-d24198885?utm_medium=listing
Oppo F11 pro,46 DA Négociable,https://www.ouedkniss.com/oppo-f11-pro-alger-reghaia-algerie-téléphones-d24330533?utm_medium=listing
Huawei nova 7i,52500 DA Offert,https://www.ouedkniss.com/huawei-nova-7i-alger-bab-ezzouar-algerie-téléphones-d24095763?utm_medium=listing
Oppo Reno 2f,57 DA Négociable,https://www.ouedkniss.com/oppo-reno-2f-alger-reghaia-algerie-téléphones-d24330519?utm_medium=listing
Huawei Mate 30 Pro,None,https://www.ouedkniss.com/huawei-mate-30-pro-setif-el-eulma-algerie-téléphones-d23900087?utm_medium=listing
Oppo F11,46000 DA Négociable,https://www.ouedkniss.com/oppo-f11-alger-bab-ezzouar-algerie-téléphones-d24330461?utm_medium=listing
alcatel Fix et sans fil,None,https://www.ouedkniss.com/alcatel-fix-et-sans-fil-bouira-mchedallah-algerie-téléphones-d24330448?utm_medium=listing
Samsung Galaxy A71,77.5 DA Négociable,https://www.ouedkniss.com/samsung-galaxy-a71-alger-el-biar-algerie-téléphones-d24330413?utm_medium=listing
Samsung Galaxy S10+,130000 DA Négociable,https://www.ouedkniss.com/samsung-galaxy-s10-setif-ain-roua-algerie-téléphones-d24330408?utm_medium=listing
Oppo F11,42 DA Négociable,https://www.ouedkniss.com/oppo-f11-bouira-lakhdaria-algerie-téléphones-d24330390?utm_medium=listing
nom,prix,lien
SAMSUNG GALAXY S20 ULTRA 5G,177000 DA Fixe,https://www.ouedkniss.com/samsung-galaxy-s20-ultra-5g-alger-dely-brahim-algerie-téléphones-d23409236?utm_medium=listing
Oppo Reno3,60 DA Négociable,https://www.ouedkniss.com/oppo-reno3-mostaganem-bouguirat-algerie-téléphones-d24330383?utm_medium=listing
IPHONE 11 PRO 256 GB  1 sim,227000 DA Fixe,https://www.ouedkniss.com/iphone-11-pro-256-gb-1-sim-alger-dely-brahim-algerie-téléphones-d24109992?utm_medium=listing
Samsung Galaxy M30,31 DA Négociable,https://www.ouedkniss.com/samsung-galaxy-m30-alger-baraki-algerie-téléphones-d24330382?utm_medium=listing
IPHONE 11 PRO MAX 256 GB 1 SIM,237000 DA Fixe,https://www.ouedkniss.com/iphone-11-pro-max-256-gb-1-sim-alger-dely-brahim-algerie-téléphones-d24094070?utm_medium=listing
VERSUS MID903C,4000 DA Négociable,https://www.ouedkniss.com/versus-mid903c-alger-bachdjerrah-algerie-téléphones-d23321467?utm_medium=listing
Xiaomi Mi 10 256G 5G,129000 DA Négociable,https://www.ouedkniss.com/xiaomi-mi-10-256g-5g-alger-bab-ezzouar-algerie-téléphones-d12213029?utm_medium=listing
Doro Doro comfort 1010 sans f,None,https://www.ouedkniss.com/doro-comfort-1010-sans-f-alger-reghaia-algerie-téléphones-d24330355?utm_medium=listing
Oppo Find X2 Neo 5G,99000 DA Négociable,https://www.ouedkniss.com/oppo-find-x2-neo-5g-alger-bab-ezzouar-algerie-téléphones-d16678262?utm_medium=listing
Realme X50m 5G,59000 DA Fixe,https://www.ouedkniss.com/realme-x50m-5g-blida-el-affroun-algerie-téléphones-d24330354?utm_medium=listing
Apple iPhone 11 PRO Max 64G,219000 DA Négociable,https://www.ouedkniss.com/apple-iphone-11-pro-max-64g-alger-bab-ezzouar-algerie-téléphones-d16084324?utm_medium=listing
Xiaomi Redmi Note 8T,34500 DA Négociable,https://www.ouedkniss.com/xiaomi-redmi-note-8t-alger-saoula-algerie-téléphones-d24330329?utm_medium=listing
Samsung Galaxy S20 Ultra 5G,177000 DA Fixe,https://www.ouedkniss.com/samsung-galaxy-s20-ultra-5g-alger-bab-ezzouar-algerie-téléphones-d18382552?utm_medium=listing
Samsung Samsung s9+ 128g,62 DA Négociable,https://www.ouedkniss.com/samsung-s9-128g-alger-birkhadem-algerie-téléphones-d24330270?utm_medium=listing
Huawei P40 Pro 5G,159000 DA Négociable,https://www.ouedkniss.com/huawei-p40-pro-5g-alger-bab-ezzouar-algerie-téléphones-d22122639?utm_medium=listing
Oppo Reno3,57500 DA Fixe,https://www.ouedkniss.com/oppo-reno3-skikda-algerie-téléphones-d24330258?utm_medium=listing
Apple iPhone 11 64G Duos,140000 DA Fixe,https://www.ouedkniss.com/apple-iphone-11-64g-duos-alger-bab-ezzouar-algerie-téléphones-d11108882?utm_medium=listing
Xiaomi Mi 9,62000 DA Négociable,https://www.ouedkniss.com/xiaomi-mi-9-alger-el-harrach-algerie-téléphones-d24330241?utm_medium=listing
Iphone 11 pro max 64 GB 1 Sim,219900 DA Fixe,https://www.ouedkniss.com/iphone-11-pro-max-64-gb-1-sim-alger-dely-brahim-algerie-téléphones-d24223009?utm_medium=listing
Samsung Samsung A7 (7) F,28 DA Fixe,https://www.ouedkniss.com/samsung-a7-7-f-alger-cheraga-algerie-téléphones-d24330217?utm_medium=listing
Iphone 11 Pro Max 256 Gb DUOS,246000 DA Fixe,https://www.ouedkniss.com/iphone-11-pro-max-256-gb-duos-alger-dely-brahim-algerie-téléphones-d24222123?utm_medium=listing
Oppo Reno3,60000 DA Fixe,https://www.ouedkniss.com/oppo-reno3-alger-birkhadem-algerie-téléphones-d24320377?utm_medium=listing
IPhone 11 pro max Duos  /64 GB/11promax,226000 DA Fixe,https://www.ouedkniss.com/iphone-11-pro-max-duos-64-gb-11promax-alger-el-biar-algerie-téléphones-d23547016?utm_medium=listing
Samsung Galaxy A6+ (2018),42 DA Négociable,https://www.ouedkniss.com/samsung-galaxy-a6-2018-boumerdes-algerie-téléphones-d24197255?utm_medium=listing
Tablette  Cidea 7" 4g promotion,10000 DA Fixe,https://www.ouedkniss.com/tablette-cidea-7-4g-promotion-alger-baraki-algerie-téléphones-d23391654?utm_medium=listing
Huawei P30,630000 DA Offert,https://www.ouedkniss.com/huawei-p30-setif-algerie-téléphones-d24330175?utm_medium=listing
Samsung Tab A 8" 2019,28500 DA Fixe,https://www.ouedkniss.com/samsung-tab-a-8-2019-alger-baraki-algerie-téléphones-d23571027?utm_medium=listing
Xiaomi Mi Note 10 Lite,71000 DA Négociable,https://www.ouedkniss.com/xiaomi-mi-note-10-lite-alger-kouba-algerie-téléphones-d24330158?utm_medium=listing
Xiaomi Poco F2 Pro,88000 DA Fixe,https://www.ouedkniss.com/xiaomi-poco-f2-pro-alger-el-harrach-algerie-téléphones-d24314938?utm_medium=listing
Xiaomi Redmi 8,30 DA Négociable,https://www.ouedkniss.com/xiaomi-redmi-8-alger-rouiba-algerie-téléphones-d24330132?utm_medium=listing
Samsung Galaxy A70,55000 DA Négociable,https://www.ouedkniss.com/samsung-galaxy-a70-alger-centre-algerie-téléphones-d23673002?utm_medium=listing
BlackBerry Z10,12000 DA Fixe,https://www.ouedkniss.com/blackberry-z10-alger-centre-algerie-téléphones-d24330069?utm_medium=listing
Apple iPhone 11 Sous blister,142000 DA Négociable,https://www.ouedkniss.com/apple-iphone-11-sous-blister-alger-centre-algerie-téléphones-d24147340?utm_medium=listing
Samsung Galaxy On6,25000 DA Négociable,https://www.ouedkniss.com/samsung-galaxy-on6-alger-kouba-algerie-téléphones-d24330020?utm_medium=listing
Xiaomi Redmi Note 9 Pro (India),54000 DA Négociable,https://www.ouedkniss.com/xiaomi-redmi-note-9-pro-india-alger-el-harrach-algerie-téléphones-d24319909?utm_medium=listing
Oppo F3,32 DA Négociable,https://www.ouedkniss.com/oppo-f3-alger-baba-hassen-algerie-téléphones-d21806574?utm_medium=listing
Samsung Galaxy A51,64000 DA Négociable,https://www.ouedkniss.com/samsung-galaxy-a51-alger-el-harrach-algerie-téléphones-d24319900?utm_medium=listing
Redmi Redmi note8 pro,46000 DA Fixe,https://www.ouedkniss.com/redmi-note8-pro-alger-bordj-el-kiffan-algerie-téléphones-d24329981?utm_medium=listing
Samsung Galaxy A51,64000 DA Fixe,https://www.ouedkniss.com/samsung-galaxy-a51-alger-birtouta-algerie-téléphones-d24309733?utm_medium=listing
Huawei P40 Pro,167500 DA Fixe,https://www.ouedkniss.com/huawei-p40-pro-batna-algerie-téléphones-d24182818?utm_medium=listing
Xiaomi Redmi Note 9 Pro,57500 DA Fixe,https://www.ouedkniss.com/xiaomi-redmi-note-9-pro-alger-birtouta-algerie-téléphones-d24274759?utm_medium=listing
Oppo Find X Lamborghini Edition,110987 DA Négociable,https://www.ouedkniss.com/oppo-find-x-lamborghini-edition-djelfa-ain-oussara-algerie-téléphones-d24329964?utm_medium=listing
Xiaomi Redmi Note 9 Pro Max,64500 DA Fixe,https://www.ouedkniss.com/xiaomi-redmi-note-9-pro-max-alger-birtouta-algerie-téléphones-d24274698?utm_medium=listing
Apple Iphone 11 Duos,13700 DA Négociable,https://www.ouedkniss.com/apple-iphone-11-duos-alger-el-biar-algerie-téléphones-d24329958?utm_medium=listing
Samsung Galaxy S20+,138000 DA Fixe,https://www.ouedkniss.com/samsung-galaxy-s20-alger-birtouta-algerie-téléphones-d24274628?utm_medium=listing
Apple Iphone 11 Duos,13700 DA Négociable,https://www.ouedkniss.com/apple-iphone-11-duos-alger-el-biar-algerie-téléphones-d24329956?utm_medium=listing
Oppo Find X Lamborghini Edition,1 DA Négociable,https://www.ouedkniss.com/oppo-find-x-lamborghini-edition-djelfa-ain-oussara-algerie-téléphones-d24329952?utm_medium=listing
Apple iphone 7,37000 DA Négociable,https://www.ouedkniss.com/apple-iphone-7-alger-el-biar-algerie-téléphones-d24329916?utm_medium=listing
Oppo F3,25000 DA Fixe,https://www.ouedkniss.com/oppo-f3-alger-draria-algerie-téléphones-d24163854?utm_medium=listing
Samsung Galaxy M30s,1 DA Négociable,https://www.ouedkniss.com/samsung-galaxy-m30s-alger-ain-naadja-algerie-téléphones-d24252513?utm_medium=listing
Oppo Oppo f5 youth,21500 DA Négociable,https://www.ouedkniss.com/oppo-f5-youth-alger-mohammadia-algerie-téléphones-d24321750?utm_medium=listing
Apple IPhone 7 plus Mdm,47 DA Négociable,https://www.ouedkniss.com/apple-iphone-7-plus-mdm-alger-bachdjerrah-algerie-téléphones-d24329850?utm_medium=listing
Samsung Galaxy C7 Pro,15000 DA Fixe,https://www.ouedkniss.com/samsung-galaxy-c7-pro-alger-bordj-el-bahri-algerie-téléphones-d24329834?utm_medium=listing
Xiaomi Mi 9T,57 DA Négociable,https://www.ouedkniss.com/xiaomi-mi-9t-bouira-lakhdaria-algerie-téléphones-d24329810?utm_medium=listing
Oppo Réno 3,56000 DA Offert,https://www.ouedkniss.com/oppo-réno-3-alger-staoueli-algerie-téléphones-d24329795?utm_medium=listing
Oppo F9,30000 DA Fixe,https://www.ouedkniss.com/oppo-f9-alger-zeralda-algerie-téléphones-d24329773?utm_medium=listing
Samsung Galaxy J4,13000 DA Négociable,https://www.ouedkniss.com/samsung-galaxy-j4-alger-bab-ezzouar-algerie-téléphones-d24326997?utm_medium=listing
Samsung I9505 Galaxy S4,10000 DA Fixe,https://www.ouedkniss.com/samsung-i9505-galaxy-s4-biskra-ouled-djellal-algerie-téléphones-d24329749?utm_medium=listing
Samsung A30,None,https://www.ouedkniss.com/samsung-a30-tlemcen-ouled-mimoun-algerie-téléphones-d24329688?utm_medium=listing
Apple Iphone 6s icloud,14000 DA Fixe,https://www.ouedkniss.com/apple-iphone-6s-icloud-alger-dar-el-beida-algerie-téléphones-d24329676?utm_medium=listing
